Surah,Ayah,Rule,FoundInOriginal,FoundInClean
2,7,"المد العارض للسكون","","عَظِيمٌ"
2,10,"إخفاء النون الساكنة والتنوين","","ٌ ف"
2,10,"مد العوض","","ضًا"
2,18,"إخفاء النون الساكنة والتنوين","","ٌ ف"
2,19,"إدغام النون الساكنة والتنوين - بغنة","","ٌ و"
2,19,"إدغام النون الساكنة والتنوين - بغنة","","ٌ و"
2,19,"إدغام النون الساكنة والتنوين - بغنة","","ٌ ي"
2,20,"المد العارض للسكون","","قَدِيرٌ"
2,22,"إخفاء النون الساكنة والتنوين","","ً ف"
2,22,"إدغام النون الساكنة والتنوين - بغنة","","ً و"
2,25,"إدغام النون الساكنة والتنوين - بغنة","","ٌ م"
2,25,"مد العوض","","قًا"
2,25,"مد العوض","","هًا"
2,26,"إخفاء النون الساكنة والتنوين","","ً ف"
2,26,"مد العوض","","لًا"
2,26,"مد العوض","","رًا"
2,29,"المد العارض للسكون","","عَلِيمٌ"
2,30,"إخفاء النون الساكنة والتنوين","","ٌ ف"
2,36,"إدغام النون الساكنة والتنوين - بغنة","","ٌ و"
2,36,"المد العارض للسكون","","عَدُوٌّ ۖ"
2,38,"مد العوض","","عًا"
2,41,"إقلاب النون الساكنة والتنوين","","ٍ ب"
2,48,"إدغام النون الساكنة والتنوين - بغنة","","ٌ و"
2,48,"إدغام النون الساكنة والتنوين - بغنة","","ٌ و"
2,49,"إدغام النون الساكنة والتنوين - بغنة","","ٌ م"
2,49,"المد العارض للسكون","","عَظِيمٌ"
2,51,"إخفاء النون الساكنة والتنوين","","ً ث"
2,54,"إدغام النون الساكنة والتنوين - بدون غنة","","ٌ ل"
2,55,"إخفاء النون الساكنة والتنوين","","ً ف"
2,58,"إدغام النون الساكنة والتنوين - بغنة","","ٌ ن"
2,60,"مد العوض","","نًا"
2,66,"إدغام النون الساكنة والتنوين - بدون غنة","","ً ل"
2,67,"مد العوض","","وًا"
2,68,"إدغام النون الساكنة والتنوين - بدون غنة","","ٌ ل"
2,68,"إدغام النون الساكنة والتنوين - بغنة","","ٌ و"
2,69,"إخفاء النون الساكنة والتنوين","","ٌ ص"
2,69,"إدغام النون الساكنة والتنوين - بدون غنة","","ٌ ل"
2,71,"إخفاء النون الساكنة والتنوين","","ٌ ت"
2,71,"إدغام النون الساكنة والتنوين - بدون غنة","","ٌ ل"
2,71,"إدغام النون الساكنة والتنوين - بدون غنة","","ٌ ل"
2,72,"إدغام النون الساكنة والتنوين - بغنة","","ٌ م"
2,75,"إدغام النون الساكنة والتنوين - بغنة","","ٌ م"
2,79,"إدغام النون الساكنة والتنوين - بدون غنة","","ٌ ل"
2,79,"إدغام النون الساكنة والتنوين - بدون غنة","","ٌ ل"
2,79,"إدغام النون الساكنة والتنوين - بدون غنة","","ٌ ل"
2,79,"مد العوض","","لًا"
2,81,"إدغام النون الساكنة والتنوين - بغنة","","ً و"
2,85,"إخفاء النون الساكنة والتنوين","","ٌ ف"
2,89,"إدغام النون الساكنة والتنوين - بدون غنة","","ٌ ل"
2,89,"إدغام النون الساكنة والتنوين - بغنة","","ٌ م"
2,90,"إدغام النون الساكنة والتنوين - بغنة","","ٌ م"
2,90,"المد العارض للسكون","","مُّهِينٌ"
2,94,"إدغام النون الساكنة والتنوين - بغنة","","ً م"
2,98,"إدغام النون الساكنة والتنوين - بدون غنة","","ٌ ل"
2,99,"إقلاب النون الساكنة والتنوين","","ٍ ب"
2,100,"إدغام النون الساكنة والتنوين - بغنة","","ٌ م"
2,101,"إدغام النون الساكنة والتنوين - بدون غنة","","ٌ ل"
2,101,"إدغام النون الساكنة والتنوين - بغنة","","ٌ م"
2,101,"إدغام النون الساكنة والتنوين - بغنة","","ٌ م"
2,102,"إخفاء النون الساكنة والتنوين","","ٌ ف"
2,103,"إدغام النون الساكنة والتنوين - بغنة","","ٌ م"
2,103,"المد العارض للسكون","","خَيْرٌ ۖ"
2,103,"مد اللين","","خَيْرٌ ۖ"
2,104,"المد العارض للسكون","","أَلِيمٌ"
2,109,"إدغام النون الساكنة والتنوين - بغنة","","ٌ م"
2,109,"المد العارض للسكون","","قَدِيرٌ"
2,110,"المد العارض للسكون","","بَصِيرٌ"
2,112,"إخفاء النون الساكنة والتنوين","","ٌ ف"
2,114,"إدغام النون الساكنة والتنوين - بغنة","","ٌ و"
2,114,"المد العارض للسكون","","عَظِيمٌ"
2,115,"المد العارض للسكون","","عَلِيمٌ"
2,116,"إدغام النون الساكنة والتنوين - بدون غنة","","ٌ ل"
2,116,"مد العوض","","دًا"
2,119,"مد العوض","","رًا"
2,123,"إدغام النون الساكنة والتنوين - بغنة","","ٌ و"
2,123,"إدغام النون الساكنة والتنوين - بغنة","","ٌ و"
2,124,"مد العوض","","مًا"
2,125,"إدغام النون الساكنة والتنوين - بدون غنة","","ً ل"
2,128,"إدغام النون الساكنة والتنوين - بدون غنة","","ً ل"
2,128,"إدغام النون الساكنة والتنوين - بغنة","","ً م"
2,134,"إخفاء النون الساكنة والتنوين","","ٌ ق"
2,135,"مد العوض","","فًا"
2,141,"إخفاء النون الساكنة والتنوين","","ٌ ق"
2,143,"إدغام النون الساكنة والتنوين - بدون غنة","","ٌ ر"
2,143,"إدغام النون الساكنة والتنوين - بغنة","","ً و"
2,143,"المد العارض للسكون","","رَّحِيمٌ"
2,143,"مد العوض","","دًا"
2,144,"إخفاء النون الساكنة والتنوين","","ً ت"
2,148,"المد العارض للسكون","","قَدِيرٌ"
2,154,"إدغام النون الساكنة والتنوين - بغنة","","ٌ و"
2,156,"إخفاء النون الساكنة والتنوين","","ٌ ق"
2,157,"إدغام النون الساكنة والتنوين - بغنة","","ٌ م"
2,163,"إدغام النون الساكنة والتنوين - بغنة","","ٌ و"
2,167,"إخفاء النون الساكنة والتنوين","","ً ف"
2,168,"إدغام النون الساكنة والتنوين - بغنة","","ٌ م"
2,171,"إخفاء النون الساكنة والتنوين","","ٌ ف"
2,171,"إدغام النون الساكنة والتنوين - بغنة","","ً و"
2,173,"إدغام النون الساكنة والتنوين - بدون غنة","","ٌ ر"
2,176,"إقلاب النون الساكنة والتنوين","","ٍ ب"
2,178,"إخفاء النون الساكنة والتنوين","","ٌ ف"
2,178,"إدغام النون الساكنة والتنوين - بغنة","","ٌ م"
2,178,"المد العارض للسكون","","أَلِيمٌ"
2,179,"إدغام النون الساكنة والتنوين - بغنة","","ٌ ي"
2,181,"المد العارض للسكون","","عَلِيمٌ"
2,182,"إدغام النون الساكنة والتنوين - بدون غنة","","ٌ ر"
2,182,"المد العارض للسكون","","رَّحِيمٌ"
2,184,"إخفاء النون الساكنة والتنوين","","ٌ ط"
2,184,"إدغام النون الساكنة والتنوين - بدون غنة","","ٌ ل"
2,184,"إدغام النون الساكنة والتنوين - بدون غنة","","ٌ ل"
2,184,"إدغام النون الساكنة والتنوين - بغنة","","ٌ م"
2,185,"إدغام النون الساكنة والتنوين - بغنة","","ٌ م"
2,187,"إدغام النون الساكنة والتنوين - بدون غنة","","ٌ ل"
2,187,"إدغام النون الساكنة والتنوين - بدون غنة","","ٌ ل"
2,192,"إدغام النون الساكنة والتنوين - بدون غنة","","ٌ ر"
2,192,"المد العارض للسكون","","رَّحِيمٌ"
2,193,"إدغام النون الساكنة والتنوين - بغنة","","ٌ و"
2,194,"المد العارض للسكون","","قِصَاصٌ ۚ"
2,196,"إخفاء النون الساكنة والتنوين","","ٌ ك"
2,196,"إدغام النون الساكنة والتنوين - بغنة","","ٌ م"
2,197,"إدغام النون الساكنة والتنوين - بغنة","","ٌ م"
2,199,"إدغام النون الساكنة والتنوين - بدون غنة","","ٌ ر"
2,199,"المد العارض للسكون","","رَّحِيمٌ"
2,200,"مد العوض","","رًا"
2,201,"إدغام النون الساكنة والتنوين - بغنة","","ً و"
2,201,"إدغام النون الساكنة والتنوين - بغنة","","ً و"
2,202,"إدغام النون الساكنة والتنوين - بغنة","","ٌ م"
2,208,"إدغام النون الساكنة والتنوين - بغنة","","ً و"
2,208,"إدغام النون الساكنة والتنوين - بغنة","","ٌ م"
2,208,"المد العارض للسكون","","مُّبِينٌ"
2,211,"إقلاب النون الساكنة والتنوين","","ٍ ب"
2,213,"إخفاء النون الساكنة والتنوين","","ً ف"
2,213,"إدغام النون الساكنة والتنوين - بغنة","","ً و"
2,214,"المد العارض للسكون","","قَرِيبٌ"
2,215,"المد العارض للسكون","","عَلِيمٌ"
2,216,"إدغام النون الساكنة والتنوين - بدون غنة","","ٌ ل"
2,216,"إدغام النون الساكنة والتنوين - بدون غنة","","ٌ ل"
2,216,"إدغام النون الساكنة والتنوين - بدون غنة","","ٌ ل"
2,217,"إخفاء النون الساكنة والتنوين","","ٌ ف"
2,217,"إخفاء النون الساكنة والتنوين","","ٌ ف"
2,217,"المد العارض للسكون","","كَبِيرٌ ۖ"
2,218,"إدغام النون الساكنة والتنوين - بدون غنة","","ٌ ر"
2,218,"المد العارض للسكون","","رَّحِيمٌ"
2,219,"إخفاء النون الساكنة والتنوين","","ٌ ك"
2,219,"إدغام النون الساكنة والتنوين - بغنة","","ٌ و"
2,220,"إدغام النون الساكنة والتنوين - بدون غنة","","ٌ ل"
2,220,"المد العارض للسكون","","حَكِيمٌ"
2,220,"المد العارض للسكون","","خَيْرٌ ۖ"
2,220,"مد اللين","","خَيْرٌ ۖ"
2,221,"إدغام النون الساكنة والتنوين - بغنة","","ٌ م"
2,221,"إدغام النون الساكنة والتنوين - بغنة","","ٌ م"
2,221,"إدغام النون الساكنة والتنوين - بغنة","","ٌ م"
2,221,"إدغام النون الساكنة والتنوين - بغنة","","ٌ م"
2,223,"إدغام النون الساكنة والتنوين - بدون غنة","","ٌ ل"
2,224,"إدغام النون الساكنة والتنوين - بدون غنة","","ً ل"
2,224,"المد العارض للسكون","","عَلِيمٌ"
2,225,"المد العارض للسكون","","حَلِيمٌ"
2,226,"إدغام النون الساكنة والتنوين - بدون غنة","","ٌ ر"
2,226,"المد العارض للسكون","","رَّحِيمٌ"
2,227,"المد العارض للسكون","","عَلِيمٌ"
2,228,"مد العوض","","حًا"
2,231,"المد العارض للسكون","","عَلِيمٌ"
2,231,"مد العوض","","وًا"
2,233,"إدغام النون الساكنة والتنوين - بدون غنة","","ٌ ل"
2,233,"المد العارض للسكون","","بَصِيرٌ"
2,234,"المد العارض للسكون","","خَبِيرٌ"
2,234,"مد العوض","","رًا"
2,235,"المد العارض للسكون","","حَلِيمٌ"
2,235,"مد العوض","","فًا"
2,237,"إخفاء النون الساكنة والتنوين","","ً ف"
2,239,"مد العوض","","نًا"
2,240,"إدغام النون الساكنة والتنوين - بدون غنة","","ً ل"
2,240,"المد العارض للسكون","","حَكِيمٌ"
2,244,"المد العارض للسكون","","عَلِيمٌ"
2,247,"إخفاء النون الساكنة والتنوين","","ً ف"
2,247,"إدغام النون الساكنة والتنوين - بغنة","","ً م"
2,247,"المد العارض للسكون","","عَلِيمٌ"
2,247,"مد العوض","","كًا"
2,248,"إدغام النون الساكنة والتنوين - بدون غنة","","ً ل"
2,248,"إدغام النون الساكنة والتنوين - بغنة","","ٌ م"
2,248,"إدغام النون الساكنة والتنوين - بغنة","","ٌ م"
2,249,"إخفاء النون الساكنة والتنوين","","ً ك"
2,254,"إخفاء النون الساكنة والتنوين","","ٌ ف"
2,254,"إدغام النون الساكنة والتنوين - بدون غنة","","ٌ ل"
2,254,"إدغام النون الساكنة والتنوين - بغنة","","ٌ و"
2,255,"إدغام النون الساكنة والتنوين - بغنة","","ٌ و"
2,255,"المد العارض للسكون","","نَوْمٌ ۚ"
2,255,"مد اللين","","نَوْمٌ ۚ"
2,259,"إدغام النون الساكنة والتنوين - بدون غنة","","ً ل"
2,259,"المد العارض للسكون","","قَدِيرٌ"
2,259,"مد العوض","","مًا"
2,260,"إدغام النون الساكنة والتنوين - بغنة","","ً م"
2,260,"المد العارض للسكون","","حَكِيمٌ"
2,260,"مد العوض","","يًا"
2,263,"إدغام النون الساكنة والتنوين - بغنة","","ٌ م"
2,263,"إدغام النون الساكنة والتنوين - بغنة","","ٌ م"
2,263,"إدغام النون الساكنة والتنوين - بغنة","","ٌ و"
2,263,"المد العارض للسكون","","حَلِيمٌ"
2,264,"إخفاء النون الساكنة والتنوين","","ٌ ف"
2,264,"إخفاء النون الساكنة والتنوين","","ٌ ف"
2,264,"مد العوض","","دًا"
2,265,"إخفاء النون الساكنة والتنوين","","ٌ ف"
2,265,"إخفاء النون الساكنة والتنوين","","ٌ ف"
2,265,"إقلاب النون الساكنة والتنوين","","ٍ ب"
2,266,"إخفاء النون الساكنة والتنوين","","ٌ ض"
2,266,"إخفاء النون الساكنة والتنوين","","ٌ ف"
2,266,"إخفاء النون الساكنة والتنوين","","ٌ ف"
2,266,"إدغام النون الساكنة والتنوين - بغنة","","ٌ م"
2,268,"إدغام النون الساكنة والتنوين - بغنة","","ً م"
2,268,"المد العارض للسكون","","عَلِيمٌ"
2,268,"مد العوض","","لًا"
2,269,"مد العوض","","رًا"
2,271,"إدغام النون الساكنة والتنوين - بدون غنة","","ٌ ل"
2,271,"المد العارض للسكون","","خَبِيرٌ"
2,273,"مد العوض","","فًا"
2,274,"إخفاء النون الساكنة والتنوين","","ً ف"
2,275,"إدغام النون الساكنة والتنوين - بغنة","","ٌ م"
2,280,"إدغام النون الساكنة والتنوين - بدون غنة","","ٌ ل"
2,282,"إخفاء النون الساكنة والتنوين","","ً ت"
2,282,"إدغام النون الساكنة والتنوين - بغنة","","ٌ و"
2,282,"إدغام النون الساكنة والتنوين - بغنة","","ٌ و"
2,282,"المد العارض للسكون","","شَهِيدٌ ۚ"
2,282,"المد العارض للسكون","","عَلِيمٌ"
2,282,"مد العوض","","ًٔا"
2,283,"إخفاء النون الساكنة والتنوين","","ٌ ق"
2,283,"إدغام النون الساكنة والتنوين - بغنة","","ٌ م"
2,283,"المد العارض للسكون","","عَلِيمٌ"
3,4,"إخفاء النون الساكنة والتنوين","","ٌ ش"
3,4,"إخفاء النون الساكنة والتنوين","","ٌ ذ"
3,4,"المد العارض للسكون","","شَدِيدٌ ۗ"
3,5,"إخفاء النون الساكنة والتنوين","","ٌ ف"
3,7,"إخفاء النون الساكنة والتنوين","","ٌ ف"
3,7,"إدغام النون الساكنة والتنوين - بغنة","","ٌ م"
3,7,"إدغام النون الساكنة والتنوين - بغنة","","ٌ م"
3,10,"مد العوض","","ًٔا"
3,13,"إخفاء النون الساكنة والتنوين","","ٌ ف"
3,13,"إخفاء النون الساكنة والتنوين","","ٌ ت"
3,13,"إدغام النون الساكنة والتنوين - بدون غنة","","ً ل"
3,13,"إدغام النون الساكنة والتنوين - بغنة","","ٌ ي"
3,15,"إخفاء النون الساكنة والتنوين","","ٌ ت"
3,15,"إدغام النون الساكنة والتنوين - بغنة","","ٌ م"
3,15,"إدغام النون الساكنة والتنوين - بغنة","","ٌ م"
3,15,"إدغام النون الساكنة والتنوين - بغنة","","ٌ و"
3,23,"إدغام النون الساكنة والتنوين - بغنة","","ٌ م"
3,26,"المد العارض للسكون","","قَدِيرٌ"
3,29,"المد العارض للسكون","","قَدِيرٌ"
3,30,"مد العوض","","دًا"
3,31,"إدغام النون الساكنة والتنوين - بدون غنة","","ٌ ر"
3,31,"المد العارض للسكون","","رَّحِيمٌ"
3,37,"مد العوض","","قًا"
3,38,"إخفاء النون الساكنة والتنوين","","ً ط"
3,39,"إدغام النون الساكنة والتنوين - بغنة","","ٌ ي"
3,40,"إدغام النون الساكنة والتنوين - بغنة","","ٌ و"
3,41,"مد العوض","","زًا"
3,47,"إدغام النون الساكنة والتنوين - بغنة","","ٌ و"
3,49,"إدغام النون الساكنة والتنوين - بدون غنة","","ً ل"
3,51,"إدغام النون الساكنة والتنوين - بغنة","","ٌ م"
3,51,"المد العارض للسكون","","مُّسْتَقِيمٌ"
3,64,"إقلاب النون الساكنة والتنوين","","ٍ ب"
3,66,"إخفاء النون الساكنة والتنوين","","ٌ ف"
3,69,"إدغام النون الساكنة والتنوين - بغنة","","ٌ م"
3,72,"إدغام النون الساكنة والتنوين - بغنة","","ٌ م"
3,73,"إدغام النون الساكنة والتنوين - بغنة","","ٌ م"
3,73,"المد العارض للسكون","","عَلِيمٌ"
3,75,"إدغام النون الساكنة والتنوين - بغنة","","ٌ و"
3,75,"مد العوض","","مًا"
3,77,"المد العارض للسكون","","أَلِيمٌ"
3,81,"إدغام النون الساكنة والتنوين - بدون غنة","","ٌ ل"
3,81,"إدغام النون الساكنة والتنوين - بغنة","","ٌ م"
3,86,"إدغام النون الساكنة والتنوين - بغنة","","ٌ و"
3,89,"إدغام النون الساكنة والتنوين - بدون غنة","","ٌ ر"
3,91,"إخفاء النون الساكنة والتنوين","","ٌ ف"
3,91,"إدغام النون الساكنة والتنوين - بغنة","","ٌ و"
3,92,"المد العارض للسكون","","عَلِيمٌ"
3,97,"إدغام النون الساكنة والتنوين - بغنة","","ٌ م"
3,97,"مد العوض","","نًا"
3,97,"مد العوض","","لًا"
3,103,"إخفاء النون الساكنة والتنوين","","ً ف"
3,104,"إدغام النون الساكنة والتنوين - بغنة","","ٌ ي"
3,105,"المد العارض للسكون","","عَظِيمٌ"
3,106,"إدغام النون الساكنة والتنوين - بغنة","","ٌ و"
3,106,"المد العارض للسكون","","وُجُوهٌ ۚ"
3,113,"إخفاء النون الساكنة والتنوين","","ٌ ق"
3,113,"إدغام النون الساكنة والتنوين - بغنة","","ٌ ي"
3,116,"مد العوض","","ًٔا"
3,118,"إدغام النون الساكنة والتنوين - بغنة","","ً م"
3,120,"إخفاء النون الساكنة والتنوين","","ٌ ت"
3,120,"إدغام النون الساكنة والتنوين - بغنة","","ٌ ي"
3,120,"المد العارض للسكون","","مُحِيطٌ"
3,129,"إدغام النون الساكنة والتنوين - بدون غنة","","ٌ ر"
3,129,"المد العارض للسكون","","رَّحِيمٌ"
3,136,"إخفاء النون الساكنة والتنوين","","ٌ ت"
3,136,"إدغام النون الساكنة والتنوين - بغنة","","ٌ م"
3,137,"إخفاء النون الساكنة والتنوين","","ٌ ف"
3,138,"إدغام النون الساكنة والتنوين - بدون غنة","","ٌ ل"
3,138,"إدغام النون الساكنة والتنوين - بدون غنة","","ٌ ل"
3,140,"إخفاء النون الساكنة والتنوين","","ٌ ف"
3,140,"إدغام النون الساكنة والتنوين - بغنة","","ٌ م"
3,144,"إخفاء النون الساكنة والتنوين","","ٌ ق"
3,144,"مد العوض","","ًٔا"
3,145,"مد العوض","","لًا"
3,146,"إخفاء النون الساكنة والتنوين","","ٌ ف"
3,151,"مد العوض","","نًا"
3,154,"إخفاء النون الساكنة والتنوين","","ٌ ق"
3,154,"إدغام النون الساكنة والتنوين - بغنة","","ً ن"
3,154,"إدغام النون الساكنة والتنوين - بغنة","","ً م"
3,154,"إدغام النون الساكنة والتنوين - بغنة","","ٌ م"
3,155,"المد العارض للسكون","","حَلِيمٌ"
3,156,"إخفاء النون الساكنة والتنوين","","ً ف"
3,156,"المد العارض للسكون","","بَصِيرٌ"
3,157,"إدغام النون الساكنة والتنوين - بغنة","","ٌ م"
3,157,"إدغام النون الساكنة والتنوين - بغنة","","ٌ م"
3,165,"إخفاء النون الساكنة والتنوين","","ٌ ق"
3,165,"المد العارض للسكون","","قَدِيرٌ"
3,174,"إدغام النون الساكنة والتنوين - بغنة","","ٌ و"
3,176,"مد العوض","","ًٔا"
3,177,"المد العارض للسكون","","أَلِيمٌ"
3,178,"إدغام النون الساكنة والتنوين - بدون غنة","","ٌ ل"
3,178,"إدغام النون الساكنة والتنوين - بغنة","","ٌ م"
3,178,"المد العارض للسكون","","مُّهِينٌ"
3,178,"مد العوض","","مًا"
3,179,"المد العارض للسكون","","عَظِيمٌ"
3,180,"إدغام النون الساكنة والتنوين - بدون غنة","","ٌ ل"
3,180,"المد العارض للسكون","","خَبِيرٌ"
3,181,"إدغام النون الساكنة والتنوين - بغنة","","ٌ و"
3,183,"إدغام النون الساكنة والتنوين - بغنة","","ٌ م"
3,184,"إدغام النون الساكنة والتنوين - بغنة","","ٌ م"
3,186,"مد العوض","","رًا"
3,187,"مد العوض","","لًا"
3,188,"المد العارض للسكون","","أَلِيمٌ"
3,197,"إخفاء النون الساكنة والتنوين","","ٌ ق"
3,197,"إخفاء النون الساكنة والتنوين","","ٌ ث"
3,198,"إخفاء النون الساكنة والتنوين","","ٌ ت"
3,198,"إدغام النون الساكنة والتنوين - بدون غنة","","ٌ ل"
4,1,"مد العوض","","بًا"
4,2,"مد العوض","","رًا"
4,4,"مد العوض","","ًٔا"
4,5,"مد العوض","","فًا"
4,6,"مد العوض","","بًا"
4,7,"إدغام النون الساكنة والتنوين - بغنة","","ٌ م"
4,7,"إدغام النون الساكنة والتنوين - بغنة","","ٌ م"
4,7,"مد العوض","","ضًا"
4,8,"مد العوض","","فًا"
4,9,"إخفاء النون الساكنة والتنوين","","ً ض"
4,10,"مد العوض","","رًا"
4,10,"مد العوض","","رًا"
4,11,"إخفاء النون الساكنة والتنوين","","ً ف"
4,11,"إخفاء النون الساكنة والتنوين","","ً ف"
4,11,"إخفاء النون الساكنة والتنوين","","ٌ ف"
4,11,"إدغام النون الساكنة والتنوين - بغنة","","ٌ و"
4,11,"إدغام النون الساكنة والتنوين - بغنة","","ً م"
4,11,"مد العوض","","عًا"
4,11,"مد العوض","","مًا"
4,12,"إخفاء النون الساكنة والتنوين","","ٌ ف"
4,12,"إخفاء النون الساكنة والتنوين","","ٌ ف"
4,12,"إخفاء النون الساكنة والتنوين","","ٌ ف"
4,12,"إدغام النون الساكنة والتنوين - بغنة","","ٌ ي"
4,12,"إدغام النون الساكنة والتنوين - بغنة","","ٌ و"
4,12,"إدغام النون الساكنة والتنوين - بغنة","","ً م"
4,12,"المد العارض للسكون","","حَلِيمٌ"
4,14,"إدغام النون الساكنة والتنوين - بغنة","","ٌ م"
4,14,"المد العارض للسكون","","مُّهِينٌ"
4,15,"إدغام النون الساكنة والتنوين - بغنة","","ً م"
4,15,"مد العوض","","لًا"
4,17,"مد العوض","","مًا"
4,18,"مد العوض","","مًا"
4,19,"مد العوض","","هًا"
4,19,"مد العوض","","رًا"
4,20,"مد العوض","","نًا"
4,21,"مد العوض","","ظًا"
4,22,"إدغام النون الساكنة والتنوين - بغنة","","ً و"
4,23,"مد العوض","","مًا"
4,24,"مد العوض","","مًا"
4,25,"إدغام النون الساكنة والتنوين - بدون غنة","","ٌ ل"
4,25,"إدغام النون الساكنة والتنوين - بدون غنة","","ٌ ر"
4,25,"المد العارض للسكون","","رَّحِيمٌ"
4,26,"المد العارض للسكون","","حَكِيمٌ"
4,27,"مد العوض","","مًا"
4,28,"مد العوض","","فًا"
4,29,"مد العوض","","مًا"
4,30,"مد العوض","","رًا"
4,31,"مد العوض","","مًا"
4,32,"إدغام النون الساكنة والتنوين - بغنة","","ٌ م"
4,32,"إدغام النون الساكنة والتنوين - بغنة","","ٌ م"
4,32,"مد العوض","","مًا"
4,34,"إدغام النون الساكنة والتنوين - بدون غنة","","ٌ ل"
4,34,"مد العوض","","رًا"
4,35,"مد العوض","","رًا"
4,36,"مد العوض","","ًٔا"
4,37,"مد العوض","","نًا"
4,38,"مد العوض","","نًا"
4,40,"إدغام النون الساكنة والتنوين - بغنة","","ً ي"
4,40,"مد العوض","","مًا"
4,41,"إقلاب النون الساكنة والتنوين","","ٍ ب"
4,41,"مد العوض","","دًا"
4,42,"مد العوض","","ثًا"
4,43,"إخفاء النون الساكنة والتنوين","","ً ف"
4,43,"إدغام النون الساكنة والتنوين - بغنة","","ٌ م"
4,45,"مد العوض","","رًا"
4,46,"مد العوض","","لًا"
4,53,"إدغام النون الساكنة والتنوين - بغنة","","ٌ م"
4,54,"مد العوض","","مًا"
4,56,"مد العوض","","مًا"
4,57,"إدغام النون الساكنة والتنوين - بغنة","","ٌ م"
4,57,"مد العوض","","دًا"
4,58,"مد العوض","","رًا"
4,59,"إدغام النون الساكنة والتنوين - بغنة","","ٌ و"
4,60,"مد العوض","","دًا"
4,61,"مد العوض","","دًا"
4,63,"مد العوض","","غًا"
4,64,"مد العوض","","مًا"
4,65,"مد العوض","","مًا"
4,66,"إدغام النون الساكنة والتنوين - بغنة","","ٌ م"
4,66,"مد العوض","","تًا"
4,67,"مد العوض","","مًا"
4,68,"مد العوض","","مًا"
4,69,"مد العوض","","قًا"
4,70,"مد العوض","","مًا"
4,71,"مد العوض","","عًا"
4,72,"إخفاء النون الساكنة والتنوين","","ٌ ق"
4,72,"مد العوض","","دًا"
4,73,"إدغام النون الساكنة والتنوين - بغنة","","ٌ م"
4,73,"إدغام النون الساكنة والتنوين - بغنة","","ٌ ي"
4,73,"مد العوض","","مًا"
4,74,"مد العوض","","مًا"
4,77,"إدغام النون الساكنة والتنوين - بدون غنة","","ٌ ل"
4,77,"إدغام النون الساكنة والتنوين - بغنة","","ٌ م"
4,77,"إدغام النون الساكنة والتنوين - بغنة","","ٌ و"
4,78,"إدغام النون الساكنة والتنوين - بغنة","","ٌ ي"
4,78,"إدغام النون الساكنة والتنوين - بغنة","","ٌ ي"
4,78,"إدغام النون الساكنة والتنوين - بغنة","","ٌ م"
4,78,"مد العوض","","ثًا"
4,79,"مد العوض","","لًا"
4,79,"مد العوض","","دًا"
4,80,"مد العوض","","ظًا"
4,81,"إخفاء النون الساكنة والتنوين","","ٌ ف"
4,81,"إدغام النون الساكنة والتنوين - بغنة","","ٌ م"
4,82,"مد العوض","","رًا"
4,83,"إدغام النون الساكنة والتنوين - بغنة","","ٌ م"
4,83,"مد العوض","","لًا"
4,84,"مد العوض","","لًا"
4,85,"إخفاء النون الساكنة والتنوين","","ً س"
4,85,"إدغام النون الساكنة والتنوين - بغنة","","ً ي"
4,85,"إدغام النون الساكنة والتنوين - بغنة","","ً ي"
4,85,"إدغام النون الساكنة والتنوين - بغنة","","ٌ م"
4,85,"إدغام النون الساكنة والتنوين - بغنة","","ٌ م"
4,85,"مد العوض","","تًا"
4,87,"مد العوض","","ثًا"
4,88,"مد العوض","","لًا"
4,90,"إقلاب النون الساكنة والتنوين","","ٍ ب"
4,90,"مد العوض","","لًا"
4,91,"مد العوض","","نًا"
4,92,"إخفاء النون الساكنة والتنوين","","ٌ ف"
4,92,"إخفاء النون الساكنة والتنوين","","ٌ ف"
4,92,"إدغام النون الساكنة والتنوين - بغنة","","ٌ م"
4,92,"إدغام النون الساكنة والتنوين - بغنة","","ٌ م"
4,92,"إدغام النون الساكنة والتنوين - بغنة","","ً م"
4,92,"إقلاب النون الساكنة والتنوين","","ٍ ب"
4,92,"مد العوض","","ًٔا"
4,92,"مد العوض","","مًا"
4,93,"مد العوض","","مًا"
4,94,"مد العوض","","رًا"
4,95,"مد العوض","","مًا"
4,96,"إدغام النون الساكنة والتنوين - بغنة","","ً و"
4,97,"إخفاء النون الساكنة والتنوين","","ً ف"
4,98,"إدغام النون الساكنة والتنوين - بغنة","","ً و"
4,98,"مد العوض","","لًا"
4,99,"مد العوض","","رًا"
4,100,"مد العوض","","مًا"
4,101,"مد العوض","","نًا"
4,102,"إدغام النون الساكنة والتنوين - بغنة","","ٌ م"
4,102,"إدغام النون الساكنة والتنوين - بغنة","","ً و"
4,102,"مد العوض","","نًا"
4,103,"مد العوض","","تًا"
4,105,"مد العوض","","مًا"
4,106,"مد العوض","","مًا"
4,107,"مد العوض","","مًا"
4,109,"مد العوض","","لًا"
4,110,"مد العوض","","مًا"
4,111,"مد العوض","","مًا"
4,112,"مد العوض","","نًا"
4,113,"إدغام النون الساكنة والتنوين - بغنة","","ٌ م"
4,113,"مد العوض","","مًا"
4,114,"إقلاب النون الساكنة والتنوين","","ٍ ب"
4,114,"مد العوض","","مًا"
4,117,"مد العوض","","دًا"
4,118,"مد العوض","","ضًا"
4,119,"مد العوض","","نًا"
4,121,"مد العوض","","صًا"
4,122,"مد العوض","","دًا"
4,122,"مد العوض","","ًّا"
4,122,"مد العوض","","لًا"
4,123,"مد العوض","","رًا"
4,124,"إخفاء النون الساكنة والتنوين","","ٌ ف"
4,124,"مد العوض","","رًا"
4,125,"إدغام النون الساكنة والتنوين - بغنة","","ٌ و"
4,125,"مد العوض","","فًا"
4,125,"مد العوض","","لًا"
4,126,"مد العوض","","طًا"
4,127,"مد العوض","","مًا"
4,128,"المد العارض للسكون","","خَيْرٌ ۗ"
4,128,"مد العوض","","حًا"
4,128,"مد العوض","","رًا"
4,128,"مد اللين","","خَيْرٌ ۗ"
4,129,"مد العوض","","مًا"
4,130,"مد العوض","","مًا"
4,131,"مد العوض","","دًا"
4,133,"مد العوض","","رًا"
4,134,"مد العوض","","رًا"
4,135,"مد العوض","","رًا"
4,139,"مد العوض","","عًا"
4,141,"إخفاء النون الساكنة والتنوين","","ٌ ق"
4,141,"إدغام النون الساكنة والتنوين - بغنة","","ٌ م"
4,142,"مد العوض","","لًا"
4,143,"مد العوض","","لًا"
4,146,"مد العوض","","مًا"
4,147,"مد العوض","","مًا"
4,151,"مد العوض","","ًّا"
4,151,"مد العوض","","نًا"
4,152,"مد العوض","","مًا"
4,153,"إخفاء النون الساكنة والتنوين","","ً ف"
4,153,"مد العوض","","نًا"
4,154,"مد العوض","","ظًا"
4,155,"مد العوض","","لًا"
4,156,"مد العوض","","مًا"
4,158,"مد العوض","","مًا"
4,159,"مد العوض","","دًا"
4,160,"مد العوض","","رًا"
4,161,"مد العوض","","مًا"
4,163,"مد العوض","","رًا"
4,164,"مد العوض","","مًا"
4,165,"مد العوض","","مًا"
4,169,"مد العوض","","دًا"
4,169,"مد العوض","","رًا"
4,170,"مد العوض","","مًا"
4,171,"إدغام النون الساكنة والتنوين - بغنة","","ٌ م"
4,171,"إدغام النون الساكنة والتنوين - بغنة","","ٌ و"
4,171,"مد العوض","","لًا"
4,172,"مد العوض","","عًا"
4,173,"مد العوض","","رًا"
4,174,"إدغام النون الساكنة والتنوين - بغنة","","ٌ م"
4,174,"مد العوض","","نًا"
4,175,"مد العوض","","مًا"
4,176,"إخفاء النون الساكنة والتنوين","","ٌ ف"
4,176,"إخفاء النون الساكنة والتنوين","","ً ف"
4,176,"إدغام النون الساكنة والتنوين - بدون غنة","","ً ر"
4,176,"إدغام النون الساكنة والتنوين - بغنة","","ٌ و"
5,2,"مد العوض","","نًا"
5,3,"إدغام النون الساكنة والتنوين - بدون غنة","","ٌ ر"
5,3,"المد العارض للسكون","","رَّحِيمٌ"
5,3,"مد العوض","","نًا"
5,5,"إدغام النون الساكنة والتنوين - بدون غنة","","ٌ ل"
5,5,"إدغام النون الساكنة والتنوين - بدون غنة","","ٌ ل"
5,6,"إخفاء النون الساكنة والتنوين","","ً ف"
5,6,"إدغام النون الساكنة والتنوين - بغنة","","ٌ م"
5,9,"إدغام النون الساكنة والتنوين - بغنة","","ٌ و"
5,9,"المد العارض للسكون","","عَظِيمٌ"
5,12,"مد العوض","","بًا"
5,15,"إدغام النون الساكنة والتنوين - بغنة","","ٌ و"
5,15,"إدغام النون الساكنة والتنوين - بغنة","","ٌ م"
5,15,"المد العارض للسكون","","مُّبِينٌ"
5,17,"المد العارض للسكون","","قَدِيرٌ"
5,17,"مد العوض","","عًا"
5,18,"إدغام النون الساكنة والتنوين - بغنة","","ٌ م"
5,19,"إدغام النون الساكنة والتنوين - بغنة","","ٌ و"
5,19,"المد العارض للسكون","","وَنَذِيرٌ ۗ"
5,19,"المد العارض للسكون","","قَدِيرٌ"
5,32,"مد العوض","","عًا"
5,33,"إخفاء النون الساكنة والتنوين","","ٌ ف"
5,34,"إدغام النون الساكنة والتنوين - بدون غنة","","ٌ ر"
5,34,"المد العارض للسكون","","رَّحِيمٌ"
5,36,"المد العارض للسكون","","أَلِيمٌ"
5,37,"إدغام النون الساكنة والتنوين - بغنة","","ٌ م"
5,37,"المد العارض للسكون","","مُّقِيمٌ"
5,38,"المد العارض للسكون","","حَكِيمٌ"
5,39,"إدغام النون الساكنة والتنوين - بدون غنة","","ٌ ر"
5,40,"المد العارض للسكون","","قَدِيرٌ"
5,41,"المد العارض للسكون","","عَظِيمٌ"
5,42,"مد العوض","","ًٔا"
5,44,"المد العارض للسكون","","وَنُورٌ ۚ"
5,44,"مد العوض","","لًا"
5,45,"إدغام النون الساكنة والتنوين - بدون غنة","","ٌ ل"
5,45,"المد العارض للسكون","","قِصَاصٌ ۚ"
5,46,"إدغام النون الساكنة والتنوين - بدون غنة","","ً ل"
5,46,"إدغام النون الساكنة والتنوين - بغنة","","ٌ و"
5,48,"إدغام النون الساكنة والتنوين - بغنة","","ً و"
5,48,"إدغام النون الساكنة والتنوين - بغنة","","ً و"
5,48,"إدغام النون الساكنة والتنوين - بغنة","","ً و"
5,48,"مد العوض","","جًا"
5,52,"إدغام النون الساكنة والتنوين - بغنة","","ٌ ي"
5,58,"إدغام النون الساكنة والتنوين - بدون غنة","","ٌ ل"
5,58,"مد العوض","","بًا"
5,60,"إدغام النون الساكنة والتنوين - بغنة","","ٌ م"
5,64,"مد العوض","","رًا"
5,64,"مد العوض","","دًا"
5,66,"إدغام النون الساكنة والتنوين - بغنة","","ٌ م"
5,66,"إدغام النون الساكنة والتنوين - بغنة","","ٌ م"
5,68,"مد العوض","","رًا"
5,70,"مد العوض","","لًا"
5,71,"إخفاء النون الساكنة والتنوين","","ٌ ف"
5,71,"إدغام النون الساكنة والتنوين - بغنة","","ٌ م"
5,73,"إدغام النون الساكنة والتنوين - بغنة","","ٌ و"
5,74,"إدغام النون الساكنة والتنوين - بدون غنة","","ٌ ر"
5,74,"المد العارض للسكون","","رَّحِيمٌ"
5,75,"إخفاء النون الساكنة والتنوين","","ٌ ق"
5,76,"مد العوض","","عًا"
5,82,"إدغام النون الساكنة والتنوين - بدون غنة","","ً ل"
5,82,"إدغام النون الساكنة والتنوين - بدون غنة","","ً ل"
5,88,"مد العوض","","بًا"
5,90,"إدغام النون الساكنة والتنوين - بغنة","","ٌ م"
5,93,"إخفاء النون الساكنة والتنوين","","ٌ ف"
5,94,"المد العارض للسكون","","أَلِيمٌ"
5,95,"إخفاء النون الساكنة والتنوين","","ٌ ط"
5,95,"إخفاء النون الساكنة والتنوين","","ٌ ذ"
5,95,"إدغام النون الساكنة والتنوين - بغنة","","ٌ م"
5,96,"مد العوض","","مًا"
5,98,"إدغام النون الساكنة والتنوين - بدون غنة","","ٌ ر"
5,98,"المد العارض للسكون","","رَّحِيمٌ"
5,101,"المد العارض للسكون","","حَلِيمٌ"
5,102,"إدغام النون الساكنة والتنوين - بغنة","","ٌ م"
5,110,"إدغام النون الساكنة والتنوين - بغنة","","ٌ م"
5,110,"المد العارض للسكون","","مُّبِينٌ"
5,110,"مد العوض","","لًا"
5,112,"إدغام النون الساكنة والتنوين - بغنة","","ً م"
5,114,"إدغام النون الساكنة والتنوين - بغنة","","ً م"
5,114,"إدغام النون الساكنة والتنوين - بغنة","","ً م"
5,119,"إخفاء النون الساكنة والتنوين","","ٌ ت"
5,119,"مد العوض","","دًا"
6,2,"إدغام النون الساكنة والتنوين - بغنة","","ٌ م"
6,2,"مد العوض","","لًا"
6,7,"إدغام النون الساكنة والتنوين - بغنة","","ٌ م"
6,7,"المد العارض للسكون","","مُّبِينٌ"
6,17,"المد العارض للسكون","","قَدِيرٌ"
6,19,"إدغام النون الساكنة والتنوين - بغنة","","ٌ و"
6,19,"إدغام النون الساكنة والتنوين - بغنة","","ٌ و"
6,19,"إدغام النون الساكنة والتنوين - بغنة","","ٌ م"
6,25,"مد العوض","","رًا"
6,31,"إخفاء النون الساكنة والتنوين","","ً ق"
6,32,"إدغام النون الساكنة والتنوين - بدون غنة","","ٌ ل"
6,32,"إدغام النون الساكنة والتنوين - بغنة","","ٌ و"
6,34,"إدغام النون الساكنة والتنوين - بغنة","","ٌ م"
6,37,"إدغام النون الساكنة والتنوين - بغنة","","ٌ م"
6,37,"إدغام النون الساكنة والتنوين - بغنة","","ً و"
6,39,"إخفاء النون الساكنة والتنوين","","ٌ ف"
6,39,"إدغام النون الساكنة والتنوين - بغنة","","ٌ و"
6,44,"إخفاء النون الساكنة والتنوين","","ً ف"
6,51,"إدغام النون الساكنة والتنوين - بدون غنة","","ٌ ل"
6,51,"إدغام النون الساكنة والتنوين - بغنة","","ٌ و"
6,54,"إدغام النون الساكنة والتنوين - بدون غنة","","ٌ ر"
6,54,"المد العارض للسكون","","رَّحِيمٌ"
6,60,"إدغام النون الساكنة والتنوين - بغنة","","ٌ م"
6,63,"إدغام النون الساكنة والتنوين - بدون غنة","","ً ل"
6,70,"إدغام النون الساكنة والتنوين - بغنة","","ٌ و"
6,70,"إدغام النون الساكنة والتنوين - بغنة","","ٌ و"
6,70,"إدغام النون الساكنة والتنوين - بغنة","","ٌ م"
6,71,"إدغام النون الساكنة والتنوين - بغنة","","ٌ ي"
6,76,"مد العوض","","بًا"
6,78,"إخفاء النون الساكنة والتنوين","","ً ق"
6,78,"إدغام النون الساكنة والتنوين - بغنة","","ٌ م"
6,79,"مد العوض","","فًا"
6,80,"مد العوض","","ًٔا"
6,81,"مد العوض","","نًا"
6,83,"المد العارض للسكون","","عَلِيمٌ"
6,85,"إدغام النون الساكنة والتنوين - بغنة","","ٌ م"
6,86,"مد العوض","","طًا"
6,91,"مد العوض","","رًا"
6,92,"إدغام النون الساكنة والتنوين - بغنة","","ٌ م"
6,93,"إدغام النون الساكنة والتنوين - بغنة","","ٌ و"
6,96,"مد العوض","","نًا"
6,98,"إدغام النون الساكنة والتنوين - بغنة","","ٌ و"
6,99,"إخفاء النون الساكنة والتنوين","","ً ف"
6,99,"إخفاء النون الساكنة والتنوين","","ٌ د"
6,99,"إدغام النون الساكنة والتنوين - بغنة","","ٌ و"
6,100,"إقلاب النون الساكنة والتنوين","","ٍ ب"
6,101,"إدغام النون الساكنة والتنوين - بغنة","","ٌ و"
6,101,"المد العارض للسكون","","عَلِيمٌ"
6,102,"المد العارض للسكون","","وَكِيلٌ"
6,107,"مد العوض","","ظًا"
6,109,"إدغام النون الساكنة والتنوين - بدون غنة","","ٌ ل"
6,112,"مد العوض","","رًا"
6,114,"إدغام النون الساكنة والتنوين - بغنة","","ٌ م"
6,114,"مد العوض","","لًا"
6,115,"مد العوض","","لًا"
6,124,"إخفاء النون الساكنة والتنوين","","ٌ ق"
6,124,"إخفاء النون الساكنة والتنوين","","ٌ ش"
6,126,"مد العوض","","مًا"
6,128,"المد العارض للسكون","","عَلِيمٌ"
6,130,"إدغام النون الساكنة والتنوين - بغنة","","ٌ م"
6,132,"إدغام النون الساكنة والتنوين - بغنة","","ٌ م"
6,138,"إدغام النون الساكنة والتنوين - بدون غنة","","ٌ ل"
6,138,"إدغام النون الساكنة والتنوين - بدون غنة","","ٌ ل"
6,138,"إدغام النون الساكنة والتنوين - بغنة","","ٌ و"
6,139,"إخفاء النون الساكنة والتنوين","","ً ف"
6,139,"إدغام النون الساكنة والتنوين - بدون غنة","","ٌ ل"
6,139,"المد العارض للسكون","","عَلِيمٌ"
6,142,"إدغام النون الساكنة والتنوين - بغنة","","ً و"
6,142,"إدغام النون الساكنة والتنوين - بغنة","","ٌ م"
6,142,"المد العارض للسكون","","مُّبِينٌ"
6,142,"مد العوض","","شًا"
6,145,"إدغام النون الساكنة والتنوين - بدون غنة","","ٌ ر"
6,145,"المد العارض للسكون","","رَّحِيمٌ"
6,151,"مد العوض","","ًٔا"
6,151,"مد العوض","","نًا"
6,154,"إدغام النون الساكنة والتنوين - بدون غنة","","ً ل"
6,155,"إخفاء النون الساكنة والتنوين","","ٌ ف"
6,157,"إدغام النون الساكنة والتنوين - بغنة","","ٌ م"
6,158,"مد العوض","","رًا"
6,161,"مد العوض","","فًا"
6,164,"إدغام النون الساكنة والتنوين - بغنة","","ٌ و"
6,165,"إدغام النون الساكنة والتنوين - بدون غنة","","ٌ ر"
7,2,"إدغام النون الساكنة والتنوين - بغنة","","ٌ م"
7,12,"إدغام النون الساكنة والتنوين - بغنة","","ٌ م"
7,18,"مد العوض","","رًا"
7,22,"إدغام النون الساكنة والتنوين - بغنة","","ٌ م"
7,22,"المد العارض للسكون","","مُّبِينٌ"
7,24,"إدغام النون الساكنة والتنوين - بغنة","","ٌ و"
7,24,"المد العارض للسكون","","عَدُوٌّ ۖ"
7,26,"المد العارض للسكون","","خَيْرٌ ۚ"
7,26,"مد العوض","","شًا"
7,26,"مد اللين","","خَيْرٌ ۚ"
7,28,"إخفاء النون الساكنة والتنوين","","ً ق"
7,32,"إدغام النون الساكنة والتنوين - بغنة","","ً ي"
7,35,"إدغام النون الساكنة والتنوين - بغنة","","ٌ م"
7,38,"إدغام النون الساكنة والتنوين - بدون غنة","","ٌ ل"
7,38,"إدغام النون الساكنة والتنوين - بغنة","","ٌ و"
7,41,"إدغام النون الساكنة والتنوين - بغنة","","ٌ و"
7,44,"مد العوض","","ًّا"
7,46,"إدغام النون الساكنة والتنوين - بغنة","","ٌ ي"
7,46,"المد العارض للسكون","","حِجَابٌ ۚ"
7,52,"إدغام النون الساكنة والتنوين - بدون غنة","","ً ل"
7,54,"إقلاب النون الساكنة والتنوين","","ٍ ب"
7,56,"إدغام النون الساكنة والتنوين - بغنة","","ٌ م"
7,58,"مد العوض","","دًا"
7,61,"إدغام النون الساكنة والتنوين - بغنة","","ٌ و"
7,61,"إدغام النون الساكنة والتنوين - بغنة","","ٌ م"
7,63,"إدغام النون الساكنة والتنوين - بغنة","","ٌ م"
7,65,"مد العوض","","دًا"
7,67,"إدغام النون الساكنة والتنوين - بغنة","","ٌ و"
7,67,"إدغام النون الساكنة والتنوين - بغنة","","ٌ م"
7,69,"إدغام النون الساكنة والتنوين - بغنة","","ٌ م"
7,71,"إدغام النون الساكنة والتنوين - بغنة","","ٌ و"
7,73,"إدغام النون الساكنة والتنوين - بغنة","","ٌ م"
7,73,"المد العارض للسكون","","أَلِيمٌ"
7,73,"مد العوض","","حًا"
7,74,"مد العوض","","تًا"
7,75,"إدغام النون الساكنة والتنوين - بغنة","","ٌ م"
7,81,"إدغام النون الساكنة والتنوين - بغنة","","ً م"
7,81,"إدغام النون الساكنة والتنوين - بغنة","","ٌ م"
7,82,"إدغام النون الساكنة والتنوين - بغنة","","ٌ ي"
7,84,"مد العوض","","رًا"
7,85,"إدغام النون الساكنة والتنوين - بدون غنة","","ٌ ل"
7,85,"إدغام النون الساكنة والتنوين - بغنة","","ٌ م"
7,85,"مد العوض","","بًا"
7,86,"مد العوض","","جًا"
7,87,"إدغام النون الساكنة والتنوين - بدون غنة","","ٌ ل"
7,87,"إدغام النون الساكنة والتنوين - بغنة","","ٌ م"
7,95,"إدغام النون الساكنة والتنوين - بغنة","","ً و"
7,104,"إدغام النون الساكنة والتنوين - بغنة","","ٌ م"
7,107,"إدغام النون الساكنة والتنوين - بغنة","","ٌ م"
7,107,"المد العارض للسكون","","مُّبِينٌ"
7,109,"المد العارض للسكون","","عَلِيمٌ"
7,123,"إدغام النون الساكنة والتنوين - بغنة","","ٌ م"
7,131,"إدغام النون الساكنة والتنوين - بغنة","","ٌ ي"
7,138,"إخفاء النون الساكنة والتنوين","","ٌ ت"
7,139,"إدغام النون الساكنة والتنوين - بغنة","","ٌ م"
7,139,"إدغام النون الساكنة والتنوين - بغنة","","ٌ م"
7,141,"إدغام النون الساكنة والتنوين - بغنة","","ٌ م"
7,141,"المد العارض للسكون","","عَظِيمٌ"
7,142,"إدغام النون الساكنة والتنوين - بغنة","","ً و"
7,143,"مد العوض","","قًا"
7,145,"إدغام النون الساكنة والتنوين - بغنة","","ً و"
7,146,"مد العوض","","لًا"
7,152,"إخفاء النون الساكنة والتنوين","","ٌ ف"
7,152,"إدغام النون الساكنة والتنوين - بغنة","","ٌ م"
7,153,"إدغام النون الساكنة والتنوين - بدون غنة","","ٌ ر"
7,153,"المد العارض للسكون","","رَّحِيمٌ"
7,154,"إدغام النون الساكنة والتنوين - بدون غنة","","ٌ ل"
7,156,"إدغام النون الساكنة والتنوين - بغنة","","ً و"
7,159,"إدغام النون الساكنة والتنوين - بغنة","","ٌ ي"
7,160,"مد العوض","","مًا"
7,160,"مد العوض","","نًا"
7,161,"إدغام النون الساكنة والتنوين - بغنة","","ٌ و"
7,164,"إدغام النون الساكنة والتنوين - بغنة","","ٌ م"
7,164,"مد العوض","","دًا"
7,165,"إقلاب النون الساكنة والتنوين","","ٍ ب"
7,165,"إقلاب النون الساكنة والتنوين","","ٍ ب"
7,167,"إدغام النون الساكنة والتنوين - بدون غنة","","ٌ ر"
7,167,"المد العارض للسكون","","رَّحِيمٌ"
7,168,"مد العوض","","مًا"
7,169,"إدغام النون الساكنة والتنوين - بدون غنة","","ٌ ل"
7,169,"إدغام النون الساكنة والتنوين - بغنة","","ٌ و"
7,169,"إدغام النون الساكنة والتنوين - بغنة","","ٌ م"
7,171,"إدغام النون الساكنة والتنوين - بغنة","","ٌ و"
7,173,"إدغام النون الساكنة والتنوين - بغنة","","ً م"
7,179,"إدغام النون الساكنة والتنوين - بدون غنة","","ٌ ل"
7,179,"إدغام النون الساكنة والتنوين - بدون غنة","","ٌ ل"
7,179,"إدغام النون الساكنة والتنوين - بدون غنة","","ٌ ل"
7,181,"إدغام النون الساكنة والتنوين - بغنة","","ٌ ي"
7,184,"إدغام النون الساكنة والتنوين - بغنة","","ٌ م"
7,185,"إقلاب النون الساكنة والتنوين","","ٍ ب"
7,188,"إدغام النون الساكنة والتنوين - بدون غنة","","ٌ ل"
7,188,"إدغام النون الساكنة والتنوين - بغنة","","ٌ و"
7,195,"إدغام النون الساكنة والتنوين - بغنة","","ٌ ي"
7,195,"إدغام النون الساكنة والتنوين - بغنة","","ٌ ي"
7,195,"إدغام النون الساكنة والتنوين - بغنة","","ٌ ي"
7,200,"إخفاء النون الساكنة والتنوين","","ٌ ف"
7,201,"إدغام النون الساكنة والتنوين - بغنة","","ٌ م"
7,203,"إدغام النون الساكنة والتنوين - بدون غنة","","ٌ ل"
7,205,"إدغام النون الساكنة والتنوين - بغنة","","ً و"
8,4,"إخفاء النون الساكنة والتنوين","","ٌ ك"
8,4,"إدغام النون الساكنة والتنوين - بغنة","","ٌ و"
8,4,"المد العارض للسكون","","كَرِيمٌ"
8,4,"مد العوض","","ًّا"
8,11,"إدغام النون الساكنة والتنوين - بدون غنة","","ً ل"
8,11,"إدغام النون الساكنة والتنوين - بغنة","","ً م"
8,17,"المد العارض للسكون","","عَلِيمٌ"
8,19,"إدغام النون الساكنة والتنوين - بدون غنة","","ٌ ل"
8,25,"إدغام النون الساكنة والتنوين - بدون غنة","","ً ل"
8,26,"إدغام النون الساكنة والتنوين - بغنة","","ٌ م"
8,28,"إدغام النون الساكنة والتنوين - بغنة","","ٌ و"
8,28,"المد العارض للسكون","","عَظِيمٌ"
8,32,"إدغام النون الساكنة والتنوين - بغنة","","ً م"
8,35,"إدغام النون الساكنة والتنوين - بغنة","","ً و"
8,36,"إخفاء النون الساكنة والتنوين","","ً ث"
8,39,"إدغام النون الساكنة والتنوين - بغنة","","ٌ و"
8,39,"المد العارض للسكون","","بَصِيرٌ"
8,43,"مد العوض","","لًا"
8,44,"مد العوض","","لًا"
8,45,"إخفاء النون الساكنة والتنوين","","ً ف"
8,47,"المد العارض للسكون","","مُحِيطٌ"
8,48,"إدغام النون الساكنة والتنوين - بدون غنة","","ٌ ل"
8,48,"إدغام النون الساكنة والتنوين - بغنة","","ٌ م"
8,49,"المد العارض للسكون","","حَكِيمٌ"
8,52,"إخفاء النون الساكنة والتنوين","","ٌ ش"
8,53,"المد العارض للسكون","","عَلِيمٌ"
8,54,"إخفاء النون الساكنة والتنوين","","ٌ ك"
8,58,"إخفاء النون الساكنة والتنوين","","ً ف"
8,63,"المد العارض للسكون","","حَكِيمٌ"
8,65,"إدغام النون الساكنة والتنوين - بدون غنة","","ٌ ل"
8,65,"إدغام النون الساكنة والتنوين - بغنة","","ٌ ي"
8,66,"إخفاء النون الساكنة والتنوين","","ٌ ص"
8,66,"إدغام النون الساكنة والتنوين - بغنة","","ٌ ي"
8,66,"إدغام النون الساكنة والتنوين - بغنة","","ٌ ي"
8,66,"مد العوض","","فًا"
8,67,"المد العارض للسكون","","حَكِيمٌ"
8,68,"إدغام النون الساكنة والتنوين - بغنة","","ٌ م"
8,68,"المد العارض للسكون","","عَظِيمٌ"
8,69,"إدغام النون الساكنة والتنوين - بدون غنة","","ٌ ر"
8,69,"المد العارض للسكون","","رَّحِيمٌ"
8,69,"مد العوض","","بًا"
8,70,"إدغام النون الساكنة والتنوين - بدون غنة","","ٌ ر"
8,70,"المد العارض للسكون","","رَّحِيمٌ"
8,72,"إقلاب النون الساكنة والتنوين","","ٍ ب"
8,72,"المد العارض للسكون","","بَصِيرٌ"
8,73,"إخفاء النون الساكنة والتنوين","","ٌ ف"
8,73,"إخفاء النون الساكنة والتنوين","","ٌ ك"
8,73,"المد العارض للسكون","","كَبِيرٌ"
8,74,"إخفاء النون الساكنة والتنوين","","ٌ ك"
8,74,"إدغام النون الساكنة والتنوين - بغنة","","ٌ و"
8,74,"المد العارض للسكون","","كَرِيمٌ"
8,74,"مد العوض","","ًّا"
9,1,"إدغام النون الساكنة والتنوين - بغنة","","ٌ م"
9,3,"إدغام النون الساكنة والتنوين - بدون غنة","","ٌ ل"
9,3,"إدغام النون الساكنة والتنوين - بغنة","","ٌ م"
9,3,"إدغام النون الساكنة والتنوين - بغنة","","ٌ م"
9,5,"إدغام النون الساكنة والتنوين - بدون غنة","","ٌ ر"
9,5,"المد العارض للسكون","","رَّحِيمٌ"
9,6,"إدغام النون الساكنة والتنوين - بدون غنة","","ٌ ل"
9,6,"إدغام النون الساكنة والتنوين - بغنة","","ٌ م"
9,21,"إدغام النون الساكنة والتنوين - بغنة","","ٌ م"
9,22,"المد العارض للسكون","","عَظِيمٌ"
9,24,"إخفاء النون الساكنة والتنوين","","ٌ ت"
9,27,"إدغام النون الساكنة والتنوين - بدون غنة","","ٌ ر"
9,27,"المد العارض للسكون","","رَّحِيمٌ"
9,28,"إخفاء النون الساكنة والتنوين","","ٌ ف"
9,28,"إخفاء النون الساكنة والتنوين","","ً ف"
9,28,"المد العارض للسكون","","حَكِيمٌ"
9,31,"مد العوض","","دًا"
9,36,"إخفاء النون الساكنة والتنوين","","ً ك"
9,37,"إخفاء النون الساكنة والتنوين","","ٌ ف"
9,39,"مد العوض","","ًٔا"
9,41,"إدغام النون الساكنة والتنوين - بدون غنة","","ٌ ل"
9,46,"إدغام النون الساكنة والتنوين - بغنة","","ً و"
9,50,"إخفاء النون الساكنة والتنوين","","ٌ ت"
9,50,"إدغام النون الساكنة والتنوين - بغنة","","ٌ ي"
9,56,"إدغام النون الساكنة والتنوين - بغنة","","ٌ ي"
9,60,"إدغام النون الساكنة والتنوين - بغنة","","ً م"
9,60,"المد العارض للسكون","","حَكِيمٌ"
9,61,"إدغام النون الساكنة والتنوين - بدون غنة","","ٌ ل"
9,61,"المد العارض للسكون","","أَلِيمٌ"
9,64,"إخفاء النون الساكنة والتنوين","","ٌ ت"
9,64,"إدغام النون الساكنة والتنوين - بغنة","","ٌ م"
9,68,"إدغام النون الساكنة والتنوين - بغنة","","ٌ م"
9,68,"المد العارض للسكون","","مُّقِيمٌ"
9,69,"إدغام النون الساكنة والتنوين - بغنة","","ً و"
9,71,"المد العارض للسكون","","حَكِيمٌ"
9,72,"إخفاء النون الساكنة والتنوين","","ً ف"
9,72,"إدغام النون الساكنة والتنوين - بغنة","","ٌ م"
9,80,"إخفاء النون الساكنة والتنوين","","ً ف"
9,81,"مد العوض","","ًّا"
9,90,"المد العارض للسكون","","أَلِيمٌ"
9,91,"إدغام النون الساكنة والتنوين - بدون غنة","","ٌ ر"
9,91,"المد العارض للسكون","","رَّحِيمٌ"
9,97,"المد العارض للسكون","","حَكِيمٌ"
9,98,"المد العارض للسكون","","عَلِيمٌ"
9,99,"إدغام النون الساكنة والتنوين - بدون غنة","","ٌ ل"
9,99,"إدغام النون الساكنة والتنوين - بدون غنة","","ٌ ر"
9,99,"المد العارض للسكون","","رَّحِيمٌ"
9,100,"مد العوض","","دًا"
9,102,"إدغام النون الساكنة والتنوين - بدون غنة","","ٌ ر"
9,103,"إخفاء النون الساكنة والتنوين","","ً ت"
9,103,"إدغام النون الساكنة والتنوين - بدون غنة","","ٌ ل"
9,106,"المد العارض للسكون","","حَكِيمٌ"
9,108,"إدغام النون الساكنة والتنوين - بغنة","","ٌ ي"
9,108,"مد العوض","","دًا"
9,110,"إخفاء النون الساكنة والتنوين","","ً ف"
9,114,"إدغام النون الساكنة والتنوين - بدون غنة","","ٌ ل"
9,114,"المد العارض للسكون","","حَلِيمٌ"
9,117,"إدغام النون الساكنة والتنوين - بدون غنة","","ٌ ر"
9,117,"المد العارض للسكون","","رَّحِيمٌ"
9,120,"إخفاء النون الساكنة والتنوين","","ٌ ف"
9,120,"إخفاء النون الساكنة والتنوين","","ٌ ص"
9,120,"إدغام النون الساكنة والتنوين - بغنة","","ٌ و"
9,120,"إدغام النون الساكنة والتنوين - بغنة","","ٌ و"
9,121,"إخفاء النون الساكنة والتنوين","","ً ص"
9,121,"إدغام النون الساكنة والتنوين - بغنة","","ً و"
9,121,"إدغام النون الساكنة والتنوين - بغنة","","ً و"
9,122,"إدغام النون الساكنة والتنوين - بدون غنة","","ٌ ل"
9,124,"إخفاء النون الساكنة والتنوين","","ٌ ف"
9,124,"مد العوض","","نًا"
9,125,"إخفاء النون الساكنة والتنوين","","ٌ ف"
9,127,"إدغام النون الساكنة والتنوين - بدون غنة","","ٌ ل"
9,127,"إدغام النون الساكنة والتنوين - بغنة","","ٌ ن"
9,128,"إدغام النون الساكنة والتنوين - بدون غنة","","ٌ ر"
9,128,"إدغام النون الساكنة والتنوين - بغنة","","ٌ م"
9,128,"المد العارض للسكون","","رَّحِيمٌ"
10,2,"إدغام النون الساكنة والتنوين - بغنة","","ٌ م"
10,4,"إدغام النون الساكنة والتنوين - بغنة","","ٌ م"
10,4,"مد العوض","","عًا"
10,5,"إدغام النون الساكنة والتنوين - بغنة","","ً و"
10,19,"إخفاء النون الساكنة والتنوين","","ً ف"
10,19,"إخفاء النون الساكنة والتنوين","","ٌ س"
10,19,"إدغام النون الساكنة والتنوين - بغنة","","ً و"
10,20,"إدغام النون الساكنة والتنوين - بغنة","","ٌ م"
10,21,"إخفاء النون الساكنة والتنوين","","ٌ ف"
10,21,"إدغام النون الساكنة والتنوين - بغنة","","ً م"
10,22,"إدغام النون الساكنة والتنوين - بغنة","","ٌ و"
10,26,"إدغام النون الساكنة والتنوين - بغنة","","ٌ و"
10,27,"إقلاب النون الساكنة والتنوين","","ٍ ب"
10,41,"إدغام النون الساكنة والتنوين - بغنة","","ٌ م"
10,45,"إدغام النون الساكنة والتنوين - بغنة","","ً م"
10,47,"المد العارض للسكون","","رَّسُولٌ ۖ"
10,55,"إدغام النون الساكنة والتنوين - بغنة","","ٌ و"
10,57,"إدغام النون الساكنة والتنوين - بدون غنة","","ٌ ل"
10,57,"إدغام النون الساكنة والتنوين - بدون غنة","","ٌ ل"
10,57,"إدغام النون الساكنة والتنوين - بغنة","","ٌ م"
10,58,"إدغام النون الساكنة والتنوين - بغنة","","ٌ م"
10,68,"إقلاب النون الساكنة والتنوين","","ٍ ب"
10,68,"مد العوض","","دًا"
10,70,"إخفاء النون الساكنة والتنوين","","ٌ ف"
10,71,"إخفاء النون الساكنة والتنوين","","ً ث"
10,76,"إدغام النون الساكنة والتنوين - بغنة","","ٌ م"
10,76,"المد العارض للسكون","","مُّبِينٌ"
10,83,"إدغام النون الساكنة والتنوين - بغنة","","ٌ م"
10,85,"إدغام النون الساكنة والتنوين - بدون غنة","","ً ل"
10,87,"إدغام النون الساكنة والتنوين - بغنة","","ً و"
10,88,"إدغام النون الساكنة والتنوين - بغنة","","ً و"
11,2,"إدغام النون الساكنة والتنوين - بغنة","","ٌ و"
11,2,"المد العارض للسكون","","وَبَشِيرٌ"
11,6,"إخفاء النون الساكنة والتنوين","","ٌ ف"
11,7,"إدغام النون الساكنة والتنوين - بغنة","","ٌ م"
11,7,"المد العارض للسكون","","مُّبِينٌ"
11,7,"مد العوض","","لًا"
11,9,"إخفاء النون الساكنة والتنوين","","ً ث"
11,9,"إخفاء النون الساكنة والتنوين","","ٌ ك"
11,9,"المد العارض للسكون","","كَفُورٌ"
11,10,"إخفاء النون الساكنة والتنوين","","ٌ ف"
11,11,"إخفاء النون الساكنة والتنوين","","ٌ ك"
11,11,"إدغام النون الساكنة والتنوين - بغنة","","ٌ و"
11,11,"المد العارض للسكون","","كَبِيرٌ"
11,12,"المد العارض للسكون","","نَذِيرٌ ۚ"
11,16,"إدغام النون الساكنة والتنوين - بغنة","","ٌ م"
11,17,"إدغام النون الساكنة والتنوين - بغنة","","ٌ م"
11,25,"إدغام النون الساكنة والتنوين - بغنة","","ٌ م"
11,27,"إقلاب النون الساكنة والتنوين","","ٍ ب"
11,28,"إدغام النون الساكنة والتنوين - بغنة","","ً م"
11,31,"إدغام النون الساكنة والتنوين - بغنة","","ٌ و"
11,35,"إدغام النون الساكنة والتنوين - بغنة","","ٌ م"
11,38,"إدغام النون الساكنة والتنوين - بغنة","","ٌ م"
11,39,"إدغام النون الساكنة والتنوين - بغنة","","ٌ ي"
11,39,"إدغام النون الساكنة والتنوين - بغنة","","ٌ م"
11,40,"المد العارض للسكون","","قَلِيلٌ"
11,41,"إدغام النون الساكنة والتنوين - بدون غنة","","ٌ ر"
11,41,"المد العارض للسكون","","رَّحِيمٌ"
11,45,"إدغام النون الساكنة والتنوين - بدون غنة","","ٌ ر"
11,48,"إخفاء النون الساكنة والتنوين","","ٌ س"
11,48,"المد العارض للسكون","","أَلِيمٌ"
11,50,"مد العوض","","دًا"
11,54,"إدغام النون الساكنة والتنوين - بغنة","","ٌ م"
11,57,"المد العارض للسكون","","حَفِيظٌ"
11,59,"المد العارض للسكون","","عَادٌ ۖ"
11,60,"إدغام النون الساكنة والتنوين - بغنة","","ً و"
11,61,"إدغام النون الساكنة والتنوين - بغنة","","ٌ م"
11,61,"المد العارض للسكون","","مُّجِيبٌ"
11,61,"مد العوض","","حًا"
11,63,"إخفاء النون الساكنة والتنوين","","ً ف"
11,64,"إخفاء النون الساكنة والتنوين","","ً ف"
11,64,"إخفاء النون الساكنة والتنوين","","ٌ ق"
11,64,"المد العارض للسكون","","قَرِيبٌ"
11,69,"مد العوض","","مًا"
11,71,"إخفاء النون الساكنة والتنوين","","ٌ ف"
11,72,"إدغام النون الساكنة والتنوين - بغنة","","ٌ و"
11,72,"المد العارض للسكون","","عَجِيبٌ"
11,73,"إدغام النون الساكنة والتنوين - بغنة","","ٌ م"
11,73,"المد العارض للسكون","","مَّجِيدٌ"
11,75,"إدغام النون الساكنة والتنوين - بغنة","","ٌ م"
11,75,"المد العارض للسكون","","مُّنِيبٌ"
11,77,"المد العارض للسكون","","عَصِيبٌ"
11,78,"إدغام النون الساكنة والتنوين - بدون غنة","","ٌ ر"
11,78,"المد العارض للسكون","","رَّشِيدٌ"
11,82,"إدغام النون الساكنة والتنوين - بغنة","","ً م"
11,84,"مد العوض","","بًا"
11,86,"إدغام النون الساكنة والتنوين - بدون غنة","","ٌ ل"
11,88,"مد العوض","","نًا"
11,90,"إدغام النون الساكنة والتنوين - بغنة","","ٌ و"
11,90,"المد العارض للسكون","","وَدُودٌ"
11,91,"مد العوض","","فًا"
11,92,"المد العارض للسكون","","مُحِيطٌ"
11,93,"إدغام النون الساكنة والتنوين - بغنة","","ٌ ي"
11,93,"المد العارض للسكون","","رَقِيبٌ"
11,99,"إدغام النون الساكنة والتنوين - بغنة","","ً و"
11,100,"إدغام النون الساكنة والتنوين - بغنة","","ٌ و"
11,100,"المد العارض للسكون","","وَحَصِيدٌ"
11,102,"إخفاء النون الساكنة والتنوين","","ٌ ش"
11,103,"إدغام النون الساكنة والتنوين - بدون غنة","","ً ل"
11,103,"إدغام النون الساكنة والتنوين - بدون غنة","","ٌ ل"
11,103,"إدغام النون الساكنة والتنوين - بغنة","","ٌ م"
11,103,"إدغام النون الساكنة والتنوين - بغنة","","ٌ م"
11,103,"المد العارض للسكون","","مَّشْهُودٌ"
11,105,"إدغام النون الساكنة والتنوين - بغنة","","ٌ و"
11,105,"المد العارض للسكون","","وَسَعِيدٌ"
11,106,"إدغام النون الساكنة والتنوين - بغنة","","ٌ و"
11,107,"إدغام النون الساكنة والتنوين - بدون غنة","","ٌ ل"
11,110,"إخفاء النون الساكنة والتنوين","","ٌ س"
11,111,"المد العارض للسكون","","خَبِيرٌ"
11,112,"المد العارض للسكون","","بَصِيرٌ"
11,118,"إدغام النون الساكنة والتنوين - بغنة","","ً و"
11,120,"إدغام النون الساكنة والتنوين - بغنة","","ٌ و"
12,5,"إدغام النون الساكنة والتنوين - بغنة","","ٌ م"
12,5,"المد العارض للسكون","","مُّبِينٌ"
12,6,"المد العارض للسكون","","حَكِيمٌ"
12,7,"إدغام النون الساكنة والتنوين - بدون غنة","","ٌ ل"
12,10,"إدغام النون الساكنة والتنوين - بغنة","","ٌ م"
12,16,"إدغام النون الساكنة والتنوين - بغنة","","ً ي"
12,18,"إخفاء النون الساكنة والتنوين","","ٌ ج"
12,18,"المد العارض للسكون","","جَمِيلٌ ۖ"
12,18,"مد العوض","","رًا"
12,19,"إخفاء النون الساكنة والتنوين","","ٌ ف"
12,20,"إقلاب النون الساكنة والتنوين","","ٍ ب"
12,21,"مد العوض","","دًا"
12,22,"مد العوض","","مًا"
12,25,"المد العارض للسكون","","أَلِيمٌ"
12,26,"إدغام النون الساكنة والتنوين - بغنة","","ٌ م"
12,28,"المد العارض للسكون","","عَظِيمٌ"
12,30,"إخفاء النون الساكنة والتنوين","","ٌ ف"
12,31,"إخفاء النون الساكنة والتنوين","","ٌ ك"
12,31,"المد العارض للسكون","","كَرِيمٌ"
12,36,"مد العوض","","رًا"
12,37,"إخفاء النون الساكنة والتنوين","","ٌ ت"
12,39,"إدغام النون الساكنة والتنوين - بغنة","","ٌ م"
12,40,"إخفاء النون الساكنة والتنوين","","ً س"
12,41,"مد العوض","","رًا"
12,43,"إدغام النون الساكنة والتنوين - بغنة","","ٌ و"
12,46,"إدغام النون الساكنة والتنوين - بغنة","","ٌ و"
12,48,"إخفاء النون الساكنة والتنوين","","ٌ ش"
12,48,"إدغام النون الساكنة والتنوين - بغنة","","ٌ ي"
12,49,"إخفاء النون الساكنة والتنوين","","ٌ ف"
12,50,"المد العارض للسكون","","عَلِيمٌ"
12,53,"إدغام النون الساكنة والتنوين - بدون غنة","","ٌ ر"
12,53,"المد العارض للسكون","","رَّحِيمٌ"
12,54,"المد العارض للسكون","","أَمِينٌ"
12,55,"المد العارض للسكون","","عَلِيمٌ"
12,57,"إدغام النون الساكنة والتنوين - بدون غنة","","ٌ ل"
12,64,"مد العوض","","ظًا"
12,65,"إدغام النون الساكنة والتنوين - بغنة","","ٌ ي"
12,65,"المد العارض للسكون","","يَسِيرٌ"
12,66,"المد العارض للسكون","","وَكِيلٌ"
12,68,"إخفاء النون الساكنة والتنوين","","ً ف"
12,72,"المد العارض للسكون","","زَعِيمٌ"
12,76,"المد العارض للسكون","","عَلِيمٌ"
12,77,"إدغام النون الساكنة والتنوين - بدون غنة","","ٌ ل"
12,77,"إدغام النون الساكنة والتنوين - بغنة","","ٌ م"
12,77,"مد العوض","","نًا"
12,80,"مد العوض","","ًّا"
12,83,"إخفاء النون الساكنة والتنوين","","ٌ ج"
12,83,"مد العوض","","رًا"
12,84,"المد العارض للسكون","","كَظِيمٌ"
12,96,"مد العوض","","رًا"
12,100,"إدغام النون الساكنة والتنوين - بدون غنة","","ٌ ل"
12,100,"مد العوض","","دًا"
12,100,"مد العوض","","ًّا"
12,104,"إدغام النون الساكنة والتنوين - بدون غنة","","ٌ ل"
12,107,"إدغام النون الساكنة والتنوين - بغنة","","ٌ م"
12,107,"إدغام النون الساكنة والتنوين - بغنة","","ً و"
12,109,"إدغام النون الساكنة والتنوين - بدون غنة","","ٌ ل"
12,111,"إدغام النون الساكنة والتنوين - بدون غنة","","ٌ ل"
12,111,"إدغام النون الساكنة والتنوين - بدون غنة","","ً ل"
13,2,"إدغام النون الساكنة والتنوين - بغنة","","ٌ ي"
13,3,"مد العوض","","رًا"
13,4,"إخفاء النون الساكنة والتنوين","","ٌ ص"
13,4,"إدغام النون الساكنة والتنوين - بغنة","","ٌ م"
13,4,"إدغام النون الساكنة والتنوين - بغنة","","ٌ م"
13,4,"إدغام النون الساكنة والتنوين - بغنة","","ٌ و"
13,4,"إدغام النون الساكنة والتنوين - بغنة","","ٌ و"
13,4,"إدغام النون الساكنة والتنوين - بغنة","","ٌ و"
13,5,"إخفاء النون الساكنة والتنوين","","ٌ ق"
13,7,"إدغام النون الساكنة والتنوين - بغنة","","ٌ م"
13,10,"إدغام النون الساكنة والتنوين - بغنة","","ٌ م"
13,10,"إقلاب النون الساكنة والتنوين","","ٍ ب"
13,11,"إدغام النون الساكنة والتنوين - بغنة","","ٌ م"
13,16,"مد العوض","","ًّا"
13,17,"إخفاء النون الساكنة والتنوين","","ً ف"
13,17,"إدغام النون الساكنة والتنوين - بغنة","","ٌ م"
13,17,"مد العوض","","يًا"
13,22,"إدغام النون الساكنة والتنوين - بغنة","","ً و"
13,27,"إدغام النون الساكنة والتنوين - بغنة","","ٌ م"
13,30,"إدغام النون الساكنة والتنوين - بدون غنة","","ٌ ل"
13,31,"مد العوض","","عًا"
13,33,"إقلاب النون الساكنة والتنوين","","ٍ ب"
13,34,"إخفاء النون الساكنة والتنوين","","ٌ ف"
13,35,"إدغام النون الساكنة والتنوين - بغنة","","ٌ و"
13,37,"مد العوض","","ًّا"
13,38,"المد العارض للسكون","","كِتَابٌ"
13,42,"مد العوض","","عًا"
13,43,"مد العوض","","لًا"
14,2,"إدغام النون الساكنة والتنوين - بدون غنة","","ٌ ل"
14,3,"إقلاب النون الساكنة والتنوين","","ٍ ب"
14,6,"إدغام النون الساكنة والتنوين - بغنة","","ٌ م"
14,6,"المد العارض للسكون","","عَظِيمٌ"
14,7,"المد العارض للسكون","","لَشَدِيدٌ"
14,10,"إخفاء النون الساكنة والتنوين","","ٌ ف"
14,10,"إدغام النون الساكنة والتنوين - بغنة","","ٌ م"
14,11,"إدغام النون الساكنة والتنوين - بغنة","","ٌ م"
14,17,"المد العارض للسكون","","غَلِيظٌ"
14,22,"المد العارض للسكون","","أَلِيمٌ"
14,24,"إخفاء النون الساكنة والتنوين","","ً ط"
14,24,"إخفاء النون الساكنة والتنوين","","ً ك"
14,24,"إدغام النون الساكنة والتنوين - بغنة","","ٌ و"
14,25,"إقلاب النون الساكنة والتنوين","","ٍ ب"
14,31,"إخفاء النون الساكنة والتنوين","","ٌ ف"
14,31,"إدغام النون الساكنة والتنوين - بدون غنة","","ٌ ل"
14,31,"إدغام النون الساكنة والتنوين - بغنة","","ً م"
14,32,"إخفاء النون الساكنة والتنوين","","ً ف"
14,34,"إخفاء النون الساكنة والتنوين","","ٌ ك"
14,34,"المد العارض للسكون","","كَفَّارٌ"
14,36,"إدغام النون الساكنة والتنوين - بدون غنة","","ٌ ر"
14,36,"المد العارض للسكون","","رَّحِيمٌ"
14,37,"إدغام النون الساكنة والتنوين - بغنة","","ً م"
14,47,"إخفاء النون الساكنة والتنوين","","ٌ ذ"
14,52,"إدغام النون الساكنة والتنوين - بدون غنة","","ٌ ل"
14,52,"إدغام النون الساكنة والتنوين - بغنة","","ٌ و"
14,52,"إدغام النون الساكنة والتنوين - بغنة","","ٌ و"
15,4,"إدغام النون الساكنة والتنوين - بغنة","","ٌ م"
15,4,"المد العارض للسكون","","مَّعْلُومٌ"
15,6,"المد العارض للسكون","","لَمَجْنُونٌ"
15,15,"إدغام النون الساكنة والتنوين - بغنة","","ٌ م"
15,18,"إدغام النون الساكنة والتنوين - بغنة","","ٌ م"
15,18,"المد العارض للسكون","","مُّبِينٌ"
15,22,"إخفاء النون الساكنة والتنوين","","ً ف"
15,25,"المد العارض للسكون","","عَلِيمٌ"
15,34,"المد العارض للسكون","","رَجِيمٌ"
15,44,"إدغام النون الساكنة والتنوين - بغنة","","ٌ م"
15,48,"إدغام النون الساكنة والتنوين - بغنة","","ٌ و"
15,62,"إدغام النون الساكنة والتنوين - بغنة","","ٌ م"
15,65,"إدغام النون الساكنة والتنوين - بغنة","","ٌ و"
15,66,"إدغام النون الساكنة والتنوين - بغنة","","ٌ م"
15,74,"إدغام النون الساكنة والتنوين - بغنة","","ً م"
15,77,"إدغام النون الساكنة والتنوين - بدون غنة","","ً ل"
16,4,"إدغام النون الساكنة والتنوين - بغنة","","ٌ م"
16,4,"المد العارض للسكون","","مُّبِينٌ"
16,5,"إدغام النون الساكنة والتنوين - بغنة","","ٌ و"
16,7,"إدغام النون الساكنة والتنوين - بدون غنة","","ٌ ر"
16,7,"المد العارض للسكون","","رَّحِيمٌ"
16,10,"إخفاء النون الساكنة والتنوين","","ٌ ف"
16,10,"إدغام النون الساكنة والتنوين - بغنة","","ٌ و"
16,11,"إدغام النون الساكنة والتنوين - بدون غنة","","ً ل"
16,13,"إدغام النون الساكنة والتنوين - بدون غنة","","ً ل"
16,14,"إخفاء النون الساكنة والتنوين","","ً ت"
16,18,"إدغام النون الساكنة والتنوين - بدون غنة","","ٌ ر"
16,18,"المد العارض للسكون","","رَّحِيمٌ"
16,22,"إدغام النون الساكنة والتنوين - بغنة","","ٌ و"
16,22,"إدغام النون الساكنة والتنوين - بغنة","","ٌ و"
16,25,"إدغام النون الساكنة والتنوين - بغنة","","ً ي"
16,30,"المد العارض للسكون","","خَيْرٌ ۚ"
16,30,"مد العوض","","رًا"
16,30,"مد اللين","","خَيْرٌ ۚ"
16,47,"إدغام النون الساكنة والتنوين - بدون غنة","","ٌ ر"
16,51,"إدغام النون الساكنة والتنوين - بغنة","","ٌ و"
16,54,"إدغام النون الساكنة والتنوين - بغنة","","ٌ م"
16,58,"المد العارض للسكون","","كَظِيمٌ"
16,63,"المد العارض للسكون","","أَلِيمٌ"
16,64,"إدغام النون الساكنة والتنوين - بدون غنة","","ً ل"
16,65,"إخفاء النون الساكنة والتنوين","","ً ف"
16,65,"إدغام النون الساكنة والتنوين - بدون غنة","","ً ل"
16,67,"إدغام النون الساكنة والتنوين - بدون غنة","","ً ل"
16,69,"إدغام النون الساكنة والتنوين - بدون غنة","","ٌ ل"
16,69,"إدغام النون الساكنة والتنوين - بدون غنة","","ً ل"
16,69,"إدغام النون الساكنة والتنوين - بغنة","","ٌ م"
16,69,"مد العوض","","لًا"
16,70,"إخفاء النون الساكنة والتنوين","","ٌ ق"
16,70,"المد العارض للسكون","","قَدِيرٌ"
16,72,"إدغام النون الساكنة والتنوين - بغنة","","ً و"
16,77,"المد العارض للسكون","","قَدِيرٌ"
16,89,"إدغام النون الساكنة والتنوين - بغنة","","ً و"
16,93,"إدغام النون الساكنة والتنوين - بغنة","","ً و"
16,93,"إدغام النون الساكنة والتنوين - بغنة","","ً و"
16,94,"المد العارض للسكون","","عَظِيمٌ"
16,95,"إدغام النون الساكنة والتنوين - بدون غنة","","ٌ ل"
16,97,"إخفاء النون الساكنة والتنوين","","ٌ ف"
16,97,"إخفاء النون الساكنة والتنوين","","ً ط"
16,101,"إدغام النون الساكنة والتنوين - بغنة","","ً م"
16,103,"إدغام النون الساكنة والتنوين - بغنة","","ٌ و"
16,103,"إدغام النون الساكنة والتنوين - بغنة","","ٌ م"
16,106,"إدغام النون الساكنة والتنوين - بغنة","","ٌ م"
16,106,"المد العارض للسكون","","عَظِيمٌ"
16,110,"إدغام النون الساكنة والتنوين - بدون غنة","","ٌ ر"
16,110,"المد العارض للسكون","","رَّحِيمٌ"
16,112,"إخفاء النون الساكنة والتنوين","","ً ك"
16,112,"إدغام النون الساكنة والتنوين - بغنة","","ً م"
16,112,"إدغام النون الساكنة والتنوين - بغنة","","ً ي"
16,113,"إدغام النون الساكنة والتنوين - بغنة","","ٌ م"
16,115,"إدغام النون الساكنة والتنوين - بدون غنة","","ٌ ر"
16,115,"المد العارض للسكون","","رَّحِيمٌ"
16,116,"إدغام النون الساكنة والتنوين - بدون غنة","","ٌ ل"
16,116,"إدغام النون الساكنة والتنوين - بغنة","","ٌ و"
16,117,"إخفاء النون الساكنة والتنوين","","ٌ ق"
16,117,"إدغام النون الساكنة والتنوين - بغنة","","ٌ و"
16,117,"المد العارض للسكون","","أَلِيمٌ"
16,119,"إدغام النون الساكنة والتنوين - بدون غنة","","ٌ ر"
16,120,"إخفاء النون الساكنة والتنوين","","ً ق"
16,123,"مد العوض","","فًا"
16,126,"إدغام النون الساكنة والتنوين - بدون غنة","","ٌ ل"
17,2,"مد العوض","","لًا"
17,3,"مد العوض","","رًا"
17,4,"مد العوض","","رًا"
17,5,"مد العوض","","لًا"
17,9,"مد العوض","","رًا"
17,10,"مد العوض","","مًا"
17,11,"مد العوض","","لًا"
17,12,"إدغام النون الساكنة والتنوين - بدون غنة","","ً ل"
17,12,"مد العوض","","لًا"
17,14,"مد العوض","","بًا"
17,15,"إدغام النون الساكنة والتنوين - بغنة","","ٌ و"
17,15,"مد العوض","","لًا"
17,16,"مد العوض","","رًا"
17,17,"مد العوض","","رًا"
17,18,"مد العوض","","رًا"
17,19,"إخفاء النون الساكنة والتنوين","","ٌ ف"
17,19,"مد العوض","","رًا"
17,21,"مد العوض","","لًا"
17,22,"مد العوض","","لًا"
17,23,"مد العوض","","مًا"
17,24,"مد العوض","","رًا"
17,25,"مد العوض","","رًا"
17,27,"مد العوض","","رًا"
17,28,"مد العوض","","رًا"
17,30,"مد العوض","","رًا"
17,31,"مد العوض","","رًا"
17,32,"إدغام النون الساكنة والتنوين - بغنة","","ً و"
17,32,"مد العوض","","لًا"
17,33,"مد العوض","","رًا"
17,34,"مد العوض","","لًا"
17,35,"إدغام النون الساكنة والتنوين - بغنة","","ٌ و"
17,35,"مد العوض","","لًا"
17,36,"مد العوض","","لًا"
17,37,"مد العوض","","لًا"
17,38,"مد العوض","","هًا"
17,40,"مد العوض","","مًا"
17,41,"مد العوض","","رًا"
17,42,"إخفاء النون الساكنة والتنوين","","ٌ ك"
17,42,"مد العوض","","لًا"
17,43,"مد العوض","","رًا"
17,44,"مد العوض","","رًا"
17,45,"مد العوض","","رًا"
17,46,"مد العوض","","رًا"
17,46,"مد العوض","","رًا"
17,48,"مد العوض","","لًا"
17,49,"مد العوض","","دًا"
17,51,"مد العوض","","بًا"
17,52,"مد العوض","","لًا"
17,53,"مد العوض","","نًا"
17,54,"مد العوض","","لًا"
17,55,"مد العوض","","رًا"
17,57,"مد العوض","","رًا"
17,58,"مد العوض","","دًا"
17,58,"مد العوض","","رًا"
17,59,"إخفاء النون الساكنة والتنوين","","ً ف"
17,59,"مد العوض","","فًا"
17,60,"إدغام النون الساكنة والتنوين - بدون غنة","","ً ل"
17,60,"مد العوض","","رًا"
17,61,"مد العوض","","نًا"
17,62,"مد العوض","","لًا"
17,63,"إدغام النون الساكنة والتنوين - بغنة","","ً م"
17,63,"مد العوض","","رًا"
17,65,"مد العوض","","لًا"
17,66,"مد العوض","","مًا"
17,69,"مد العوض","","عًا"
17,70,"مد العوض","","لًا"
17,71,"إقلاب النون الساكنة والتنوين","","ٍ ب"
17,71,"مد العوض","","لًا"
17,72,"مد العوض","","لًا"
17,73,"مد العوض","","لًا"
17,75,"مد العوض","","رًا"
17,76,"مد العوض","","لًا"
17,78,"مد العوض","","دًا"
17,79,"إدغام النون الساكنة والتنوين - بدون غنة","","ً ل"
17,79,"مد العوض","","دًا"
17,80,"مد العوض","","رًا"
17,81,"مد العوض","","قًا"
17,82,"إدغام النون الساكنة والتنوين - بدون غنة","","ٌ ل"
17,82,"إدغام النون الساكنة والتنوين - بغنة","","ٌ و"
17,82,"مد العوض","","رًا"
17,83,"مد العوض","","سًا"
17,84,"إدغام النون الساكنة والتنوين - بغنة","","ٌ ي"
17,84,"مد العوض","","لًا"
17,85,"مد العوض","","لًا"
17,87,"إدغام النون الساكنة والتنوين - بغنة","","ً م"
17,87,"مد العوض","","رًا"
17,88,"مد العوض","","رًا"
17,89,"مد العوض","","رًا"
17,91,"إدغام النون الساكنة والتنوين - بغنة","","ٌ م"
17,93,"إدغام النون الساكنة والتنوين - بغنة","","ٌ م"
17,93,"مد العوض","","لًا"
17,94,"مد العوض","","لًا"
17,95,"إدغام النون الساكنة والتنوين - بغنة","","ٌ ي"
17,95,"مد العوض","","لًا"
17,96,"مد العوض","","رًا"
17,97,"مد العوض","","ًّا"
17,97,"مد العوض","","رًا"
17,99,"مد العوض","","رًا"
17,100,"مد العوض","","رًا"
17,101,"إقلاب النون الساكنة والتنوين","","ٍ ب"
17,101,"مد العوض","","رًا"
17,102,"مد العوض","","رًا"
17,103,"مد العوض","","عًا"
17,104,"مد العوض","","فًا"
17,105,"مد العوض","","رًا"
17,106,"مد العوض","","لًا"
17,107,"مد العوض","","دًا"
17,108,"مد العوض","","لًا"
17,109,"مد العوض","","عًا"
17,110,"مد العوض","","لًا"
17,111,"إخفاء النون الساكنة والتنوين","","ٌ ف"
17,111,"إدغام النون الساكنة والتنوين - بغنة","","ٌ م"
18,2,"مد العوض","","نًا"
18,3,"مد العوض","","دًا"
18,4,"مد العوض","","دًا"
18,5,"إخفاء النون الساكنة والتنوين","","ً ت"
18,5,"مد العوض","","بًا"
18,6,"إدغام النون الساكنة والتنوين - بغنة","","ٌ ن"
18,7,"إدغام النون الساكنة والتنوين - بدون غنة","","ً ل"
18,7,"مد العوض","","لًا"
18,10,"إدغام النون الساكنة والتنوين - بغنة","","ً و"
18,10,"مد العوض","","دًا"
18,11,"مد العوض","","دًا"
18,12,"مد العوض","","دًا"
18,14,"مد العوض","","هًا"
18,15,"إقلاب النون الساكنة والتنوين","","ٍ ب"
18,15,"مد العوض","","بًا"
18,16,"مد العوض","","قًا"
18,17,"مد العوض","","دًا"
18,18,"إخفاء النون الساكنة والتنوين","","ٌ ذ"
18,18,"المد العارض للسكون","","رُقُودٌ ۚ"
18,18,"مد العوض","","بًا"
18,19,"إدغام النون الساكنة والتنوين - بغنة","","ٌ م"
18,20,"مد العوض","","دًا"
18,21,"إدغام النون الساكنة والتنوين - بغنة","","ٌ و"
18,21,"مد العوض","","نًا"
18,21,"مد العوض","","دًا"
18,22,"إخفاء النون الساكنة والتنوين","","ٌ س"
18,22,"إخفاء النون الساكنة والتنوين","","ً ظ"
18,22,"إدغام النون الساكنة والتنوين - بدون غنة","","ٌ ر"
18,22,"إدغام النون الساكنة والتنوين - بغنة","","ٌ و"
18,22,"المد العارض للسكون","","قَلِيلٌ ۗ"
18,22,"مد العوض","","دًا"
18,23,"إخفاء النون الساكنة والتنوين","","ٌ ذ"
18,24,"مد العوض","","دًا"
18,25,"مد العوض","","عًا"
18,26,"مد العوض","","دًا"
18,27,"مد العوض","","دًا"
18,28,"مد العوض","","طًا"
18,31,"مد العوض","","قًا"
18,32,"مد العوض","","عًا"
18,33,"مد العوض","","ًٔا"
18,33,"مد العوض","","رًا"
18,34,"إخفاء النون الساكنة والتنوين","","ٌ ف"
18,34,"مد العوض","","رًا"
18,35,"إدغام النون الساكنة والتنوين - بدون غنة","","ٌ ل"
18,35,"مد العوض","","دًا"
18,36,"إدغام النون الساكنة والتنوين - بغنة","","ً و"
18,36,"مد العوض","","بًا"
18,37,"مد العوض","","لًا"
18,38,"مد العوض","","دًا"
18,39,"مد العوض","","دًا"
18,41,"مد العوض","","بًا"
18,42,"مد العوض","","دًا"
18,43,"إدغام النون الساكنة والتنوين - بغنة","","ٌ ي"
18,44,"إخفاء النون الساكنة والتنوين","","ٌ ث"
18,44,"مد العوض","","بًا"
18,46,"مد العوض","","لًا"
18,47,"إدغام النون الساكنة والتنوين - بغنة","","ً و"
18,47,"مد العوض","","دًا"
18,48,"مد العوض","","دًا"
18,49,"إدغام النون الساكنة والتنوين - بغنة","","ً و"
18,49,"مد العوض","","رًا"
18,49,"مد العوض","","دًا"
18,50,"مد العوض","","لًا"
18,51,"مد العوض","","دًا"
18,52,"مد العوض","","قًا"
18,53,"مد العوض","","فًا"
18,54,"مد العوض","","لًا"
18,55,"مد العوض","","لًا"
18,56,"مد العوض","","وًا"
18,57,"مد العوض","","رًا"
18,57,"مد العوض","","دًا"
18,58,"إدغام النون الساكنة والتنوين - بدون غنة","","ٌ ل"
18,58,"مد العوض","","لًا"
18,59,"مد العوض","","دًا"
18,60,"مد العوض","","بًا"
18,61,"مد العوض","","بًا"
18,62,"مد العوض","","بًا"
18,63,"مد العوض","","بًا"
18,64,"مد العوض","","صًا"
18,65,"إدغام النون الساكنة والتنوين - بغنة","","ً م"
18,65,"مد العوض","","مًا"
18,66,"مد العوض","","دًا"
18,67,"مد العوض","","رًا"
18,68,"مد العوض","","رًا"
18,69,"مد العوض","","رًا"
18,70,"مد العوض","","رًا"
18,71,"مد العوض","","رًا"
18,72,"مد العوض","","رًا"
18,73,"مد العوض","","رًا"
18,74,"مد العوض","","رًا"
18,75,"مد العوض","","رًا"
18,76,"إقلاب النون الساكنة والتنوين","","ٍ ب"
18,76,"مد العوض","","رًا"
18,77,"مد العوض","","رًا"
18,79,"إدغام النون الساكنة والتنوين - بغنة","","ٌ ي"
18,79,"مد العوض","","بًا"
18,80,"مد العوض","","رًا"
18,81,"إدغام النون الساكنة والتنوين - بغنة","","ً و"
18,81,"مد العوض","","مًا"
18,82,"إدغام النون الساكنة والتنوين - بدون غنة","","ٌ ل"
18,82,"إدغام النون الساكنة والتنوين - بغنة","","ً م"
18,82,"مد العوض","","رًا"
18,84,"مد العوض","","بًا"
18,86,"مد العوض","","مًا"
18,86,"مد العوض","","نًا"
18,87,"مد العوض","","رًا"
18,88,"مد العوض","","رًا"
18,90,"مد العوض","","رًا"
18,91,"مد العوض","","رًا"
18,93,"مد العوض","","لًا"
18,94,"مد العوض","","ًّا"
18,95,"إخفاء النون الساكنة والتنوين","","ٌ ف"
18,96,"مد العوض","","رًا"
18,97,"مد العوض","","بًا"
18,98,"إدغام النون الساكنة والتنوين - بغنة","","ٌ م"
18,98,"مد العوض","","ًّا"
18,99,"مد العوض","","عًا"
18,102,"مد العوض","","لًا"
18,105,"مد العوض","","نًا"
18,108,"مد العوض","","لًا"
18,109,"مد العوض","","دًا"
18,110,"إدغام النون الساكنة والتنوين - بغنة","","ٌ م"
18,110,"إدغام النون الساكنة والتنوين - بغنة","","ٌ و"
19,3,"مد العوض","","ًّا"
19,4,"مد العوض","","ًّا"
19,5,"مد العوض","","ًّا"
19,6,"مد العوض","","ًّا"
19,7,"مد العوض","","ًّا"
19,8,"إدغام النون الساكنة والتنوين - بغنة","","ٌ و"
19,8,"مد العوض","","ًّا"
19,9,"إدغام النون الساكنة والتنوين - بغنة","","ٌ و"
19,9,"مد العوض","","ًٔا"
19,10,"مد العوض","","ًّا"
19,11,"إدغام النون الساكنة والتنوين - بغنة","","ً و"
19,11,"مد العوض","","ًّا"
19,12,"مد العوض","","ًّا"
19,13,"مد العوض","","ًّا"
19,14,"مد العوض","","ًّا"
19,15,"مد العوض","","ًّا"
19,16,"مد العوض","","ًّا"
19,17,"مد العوض","","ًّا"
19,18,"مد العوض","","ًّا"
19,19,"مد العوض","","ًّا"
19,20,"إدغام النون الساكنة والتنوين - بغنة","","ٌ و"
19,20,"إدغام النون الساكنة والتنوين - بغنة","","ٌ و"
19,20,"مد العوض","","ًّا"
19,21,"إدغام النون الساكنة والتنوين - بدون غنة","","ً ل"
19,21,"إدغام النون الساكنة والتنوين - بغنة","","ً م"
19,21,"مد العوض","","ًّا"
19,22,"مد العوض","","ًّا"
19,23,"مد العوض","","ًّا"
19,24,"مد العوض","","ًّا"
19,25,"مد العوض","","ًّا"
19,26,"مد العوض","","نًا"
19,26,"مد العوض","","ًّا"
19,27,"مد العوض","","ًّا"
19,28,"مد العوض","","ًّا"
19,29,"مد العوض","","ًّا"
19,30,"مد العوض","","ًّا"
19,31,"مد العوض","","ًّا"
19,32,"مد العوض","","ًّا"
19,33,"مد العوض","","ًّا"
19,36,"إدغام النون الساكنة والتنوين - بغنة","","ٌ م"
19,36,"المد العارض للسكون","","مُّسْتَقِيمٌ"
19,37,"إدغام النون الساكنة والتنوين - بدون غنة","","ٌ ل"
19,42,"مد العوض","","ًٔا"
19,43,"مد العوض","","ًّا"
19,44,"مد العوض","","ًّا"
19,45,"إدغام النون الساكنة والتنوين - بغنة","","ٌ م"
19,45,"مد العوض","","ًّا"
19,46,"مد العوض","","ًّا"
19,47,"مد العوض","","ًّا"
19,48,"مد العوض","","ًّا"
19,49,"مد العوض","","ًّا"
19,50,"مد العوض","","ًّا"
19,51,"مد العوض","","ًّا"
19,52,"مد العوض","","ًّا"
19,53,"مد العوض","","ًّا"
19,54,"مد العوض","","ًّا"
19,55,"مد العوض","","ًّا"
19,56,"مد العوض","","ًّا"
19,58,"مد العوض","","ًّا"
19,60,"مد العوض","","ًٔا"
19,61,"مد العوض","","ًّا"
19,62,"إدغام النون الساكنة والتنوين - بغنة","","ً و"
19,62,"مد العوض","","مًا"
19,62,"مد العوض","","ًّا"
19,63,"مد العوض","","ًّا"
19,64,"مد العوض","","ًّا"
19,65,"مد العوض","","ًّا"
19,67,"مد العوض","","ًٔا"
19,68,"مد العوض","","ًّا"
19,69,"مد العوض","","ًّا"
19,70,"مد العوض","","ًّا"
19,71,"مد العوض","","ًّا"
19,72,"مد العوض","","ًّا"
19,73,"إدغام النون الساكنة والتنوين - بغنة","","ٌ م"
19,73,"مد العوض","","ًّا"
19,74,"مد العوض","","يًا"
19,75,"إدغام النون الساكنة والتنوين - بغنة","","ٌ م"
19,75,"مد العوض","","دًا"
19,76,"إدغام النون الساكنة والتنوين - بغنة","","ٌ م"
19,78,"مد العوض","","دًا"
19,79,"مد العوض","","ًّا"
19,80,"مد العوض","","دًا"
19,81,"إدغام النون الساكنة والتنوين - بدون غنة","","ً ل"
19,81,"مد العوض","","ًّا"
19,83,"مد العوض","","ًّا"
19,84,"مد العوض","","ًّا"
19,85,"مد العوض","","دًا"
19,86,"مد العوض","","دًا"
19,87,"مد العوض","","دًا"
19,88,"مد العوض","","دًا"
19,89,"مد العوض","","ًّا"
19,91,"مد العوض","","دًا"
19,93,"مد العوض","","دًا"
19,94,"مد العوض","","ًّا"
19,96,"مد العوض","","ًّا"
19,97,"مد العوض","","ًّا"
20,3,"إدغام النون الساكنة والتنوين - بدون غنة","","ً ل"
20,15,"إقلاب النون الساكنة والتنوين","","ٍ ب"
20,20,"إخفاء النون الساكنة والتنوين","","ٌ ت"
20,27,"إدغام النون الساكنة والتنوين - بغنة","","ً م"
20,33,"مد العوض","","رًا"
20,35,"مد العوض","","رًا"
20,39,"إدغام النون الساكنة والتنوين - بدون غنة","","ٌ ل"
20,39,"إدغام النون الساكنة والتنوين - بدون غنة","","ٌ ل"
20,39,"إدغام النون الساكنة والتنوين - بغنة","","ً م"
20,40,"مد العوض","","نًا"
20,53,"إخفاء النون الساكنة والتنوين","","ً ف"
20,64,"مد العوض","","ًّا"
20,67,"إدغام النون الساكنة والتنوين - بغنة","","ً م"
20,73,"إدغام النون الساكنة والتنوين - بغنة","","ٌ و"
20,82,"إدغام النون الساكنة والتنوين - بدون غنة","","ٌ ل"
20,86,"إدغام النون الساكنة والتنوين - بغنة","","ٌ م"
20,86,"مد العوض","","فًا"
20,88,"إخفاء النون الساكنة والتنوين","","ٌ ف"
20,89,"مد العوض","","عًا"
20,96,"إدغام النون الساكنة والتنوين - بغنة","","ً م"
20,97,"مد العوض","","فًا"
20,98,"مد العوض","","مًا"
20,99,"مد العوض","","رًا"
20,101,"مد العوض","","لًا"
20,102,"مد العوض","","قًا"
20,103,"مد العوض","","رًا"
20,104,"مد العوض","","مًا"
20,105,"مد العوض","","فًا"
20,106,"مد العوض","","فًا"
20,107,"مد العوض","","تًا"
20,108,"مد العوض","","سًا"
20,109,"مد العوض","","لًا"
20,110,"مد العوض","","مًا"
20,111,"مد العوض","","مًا"
20,112,"إخفاء النون الساكنة والتنوين","","ٌ ف"
20,112,"مد العوض","","مًا"
20,113,"مد العوض","","رًا"
20,114,"مد العوض","","مًا"
20,115,"مد العوض","","مًا"
20,117,"إدغام النون الساكنة والتنوين - بدون غنة","","ٌ ل"
20,123,"المد العارض للسكون","","عَدُوٌّ ۖ"
20,124,"إخفاء النون الساكنة والتنوين","","ً ض"
20,125,"مد العوض","","رًا"
20,129,"إخفاء النون الساكنة والتنوين","","ٌ س"
20,129,"إدغام النون الساكنة والتنوين - بغنة","","ٌ م"
20,131,"إدغام النون الساكنة والتنوين - بغنة","","ٌ و"
20,132,"مد العوض","","قًا"
20,135,"إخفاء النون الساكنة والتنوين","","ٌ ف"
20,135,"إدغام النون الساكنة والتنوين - بغنة","","ٌ م"
21,3,"إخفاء النون الساكنة والتنوين","","ً ق"
21,3,"إدغام النون الساكنة والتنوين - بغنة","","ٌ م"
21,5,"إخفاء النون الساكنة والتنوين","","ٌ ف"
21,5,"إقلاب النون الساكنة والتنوين","","ٍ ب"
21,11,"إدغام النون الساكنة والتنوين - بغنة","","ً و"
21,21,"إدغام النون الساكنة والتنوين - بغنة","","ً م"
21,26,"إدغام النون الساكنة والتنوين - بغنة","","ٌ م"
21,26,"مد العوض","","دًا"
21,29,"إدغام النون الساكنة والتنوين - بغنة","","ٌ م"
21,32,"مد العوض","","ظًا"
21,33,"إخفاء النون الساكنة والتنوين","","ٌ ف"
21,40,"إخفاء النون الساكنة والتنوين","","ً ف"
21,43,"إخفاء النون الساكنة والتنوين","","ٌ ت"
21,46,"إدغام النون الساكنة والتنوين - بغنة","","ٌ م"
21,47,"إخفاء النون الساكنة والتنوين","","ٌ ش"
21,47,"مد العوض","","ًٔا"
21,48,"إدغام النون الساكنة والتنوين - بغنة","","ً و"
21,50,"إدغام النون الساكنة والتنوين - بغنة","","ٌ م"
21,73,"إدغام النون الساكنة والتنوين - بغنة","","ً ي"
21,79,"مد العوض","","مًا"
21,81,"إخفاء النون الساكنة والتنوين","","ً ت"
21,84,"إدغام النون الساكنة والتنوين - بغنة","","ً م"
21,85,"إدغام النون الساكنة والتنوين - بغنة","","ٌ م"
21,90,"مد العوض","","بًا"
21,91,"إدغام النون الساكنة والتنوين - بدون غنة","","ً ل"
21,92,"إدغام النون الساكنة والتنوين - بغنة","","ً و"
21,92,"إدغام النون الساكنة والتنوين - بغنة","","ً و"
21,94,"إخفاء النون الساكنة والتنوين","","ٌ ف"
21,99,"إخفاء النون الساكنة والتنوين","","ٌ ف"
21,99,"إدغام النون الساكنة والتنوين - بغنة","","ً م"
21,100,"إدغام النون الساكنة والتنوين - بغنة","","ٌ و"
21,107,"إدغام النون الساكنة والتنوين - بدون غنة","","ً ل"
21,108,"إدغام النون الساكنة والتنوين - بغنة","","ٌ و"
21,109,"إدغام النون الساكنة والتنوين - بغنة","","ٌ م"
21,111,"إدغام النون الساكنة والتنوين - بدون غنة","","ٌ ل"
22,1,"المد العارض للسكون","","عَظِيمٌ"
22,2,"المد العارض للسكون","","شَدِيدٌ"
22,5,"إخفاء النون الساكنة والتنوين","","ً ف"
22,5,"إقلاب النون الساكنة والتنوين","","ٍ ب"
22,5,"مد العوض","","ًٔا"
22,6,"المد العارض للسكون","","قَدِيرٌ"
22,7,"إدغام النون الساكنة والتنوين - بدون غنة","","ٌ ل"
22,16,"إقلاب النون الساكنة والتنوين","","ٍ ب"
22,18,"إدغام النون الساكنة والتنوين - بغنة","","ٌ م"
22,19,"إدغام النون الساكنة والتنوين - بغنة","","ٌ م"
22,23,"المد العارض للسكون","","حَرِيرٌ"
22,23,"مد العوض","","ؤًا"
22,25,"إقلاب النون الساكنة والتنوين","","ٍ ب"
22,30,"إدغام النون الساكنة والتنوين - بدون غنة","","ٌ ل"
22,34,"إخفاء النون الساكنة والتنوين","","ٌ ف"
22,34,"إدغام النون الساكنة والتنوين - بغنة","","ٌ و"
22,36,"المد العارض للسكون","","خَيْرٌ ۖ"
22,36,"مد اللين","","خَيْرٌ ۖ"
22,40,"إدغام النون الساكنة والتنوين - بغنة","","ٌ و"
22,40,"إدغام النون الساكنة والتنوين - بغنة","","ٌ و"
22,40,"مد العوض","","رًا"
22,42,"إدغام النون الساكنة والتنوين - بغنة","","ٌ و"
22,45,"إخفاء النون الساكنة والتنوين","","ٌ ف"
22,46,"إدغام النون الساكنة والتنوين - بغنة","","ٌ ي"
22,46,"إدغام النون الساكنة والتنوين - بغنة","","ٌ ي"
22,48,"إخفاء النون الساكنة والتنوين","","ٌ ث"
22,49,"إدغام النون الساكنة والتنوين - بغنة","","ٌ م"
22,49,"المد العارض للسكون","","مُّبِينٌ"
22,50,"إخفاء النون الساكنة والتنوين","","ٌ ك"
22,50,"إدغام النون الساكنة والتنوين - بغنة","","ٌ و"
22,50,"المد العارض للسكون","","كَرِيمٌ"
22,52,"المد العارض للسكون","","حَكِيمٌ"
22,53,"إدغام النون الساكنة والتنوين - بدون غنة","","ً ل"
22,53,"إدغام النون الساكنة والتنوين - بغنة","","ٌ و"
22,53,"إقلاب النون الساكنة والتنوين","","ٍ ب"
22,57,"إدغام النون الساكنة والتنوين - بغنة","","ٌ م"
22,57,"المد العارض للسكون","","مُّهِينٌ"
22,58,"مد العوض","","نًا"
22,59,"المد العارض للسكون","","حَلِيمٌ"
22,60,"المد العارض للسكون","","غَفُورٌ"
22,61,"المد العارض للسكون","","بَصِيرٌ"
22,63,"إخفاء النون الساكنة والتنوين","","ً ف"
22,63,"المد العارض للسكون","","خَبِيرٌ"
22,65,"إدغام النون الساكنة والتنوين - بدون غنة","","ٌ ر"
22,65,"المد العارض للسكون","","رَّحِيمٌ"
22,66,"المد العارض للسكون","","لَكَفُورٌ"
22,70,"المد العارض للسكون","","يَسِيرٌ"
22,73,"إخفاء النون الساكنة والتنوين","","ٌ ف"
22,75,"المد العارض للسكون","","بَصِيرٌ"
23,13,"إخفاء النون الساكنة والتنوين","","ً ف"
23,14,"إخفاء النون الساكنة والتنوين","","ً ف"
23,14,"إخفاء النون الساكنة والتنوين","","ً ف"
23,18,"إقلاب النون الساكنة والتنوين","","ٍ ب"
23,19,"إدغام النون الساكنة والتنوين - بغنة","","ٌ و"
23,20,"إخفاء النون الساكنة والتنوين","","ً ت"
23,21,"إدغام النون الساكنة والتنوين - بغنة","","ٌ و"
23,24,"إدغام النون الساكنة والتنوين - بغنة","","ٌ م"
23,24,"إدغام النون الساكنة والتنوين - بغنة","","ً م"
23,25,"إخفاء النون الساكنة والتنوين","","ٌ ف"
23,33,"إدغام النون الساكنة والتنوين - بغنة","","ٌ م"
23,44,"إدغام النون الساكنة والتنوين - بدون غنة","","ً ر"
23,50,"إدغام النون الساكنة والتنوين - بغنة","","ً و"
23,51,"المد العارض للسكون","","عَلِيمٌ"
23,52,"إدغام النون الساكنة والتنوين - بغنة","","ً و"
23,52,"إدغام النون الساكنة والتنوين - بغنة","","ً و"
23,53,"إقلاب النون الساكنة والتنوين","","ٍ ب"
23,53,"مد العوض","","رًا"
23,62,"إدغام النون الساكنة والتنوين - بغنة","","ٌ ي"
23,63,"إدغام النون الساكنة والتنوين - بغنة","","ٌ م"
23,72,"المد العارض للسكون","","خَيْرٌ ۖ"
23,72,"مد اللين","","خَيْرٌ ۖ"
23,91,"إقلاب النون الساكنة والتنوين","","ٍ ب"
23,109,"إدغام النون الساكنة والتنوين - بغنة","","ٌ م"
23,114,"مد العوض","","لًا"
24,1,"إقلاب النون الساكنة والتنوين","","ٍ ب"
24,2,"إخفاء النون الساكنة والتنوين","","ٌ ف"
24,2,"إدغام النون الساكنة والتنوين - بغنة","","ٌ م"
24,3,"إدغام النون الساكنة والتنوين - بغنة","","ً و"
24,4,"إدغام النون الساكنة والتنوين - بغنة","","ً و"
24,4,"مد العوض","","دًا"
24,5,"إدغام النون الساكنة والتنوين - بدون غنة","","ٌ ر"
24,5,"المد العارض للسكون","","رَّحِيمٌ"
24,6,"إقلاب النون الساكنة والتنوين","","ٍ ب"
24,8,"إقلاب النون الساكنة والتنوين","","ٍ ب"
24,11,"إدغام النون الساكنة والتنوين - بدون غنة","","ٌ ل"
24,11,"إدغام النون الساكنة والتنوين - بغنة","","ٌ م"
24,11,"المد العارض للسكون","","عَظِيمٌ"
24,12,"إدغام النون الساكنة والتنوين - بغنة","","ٌ م"
24,12,"المد العارض للسكون","","مُّبِينٌ"
24,15,"إدغام النون الساكنة والتنوين - بغنة","","ٌ و"
24,15,"المد العارض للسكون","","عَظِيمٌ"
24,16,"المد العارض للسكون","","عَظِيمٌ"
24,19,"إخفاء النون الساكنة والتنوين","","ٌ ف"
24,20,"إدغام النون الساكنة والتنوين - بدون غنة","","ٌ ر"
24,20,"المد العارض للسكون","","رَّحِيمٌ"
24,21,"المد العارض للسكون","","عَلِيمٌ"
24,22,"إدغام النون الساكنة والتنوين - بدون غنة","","ٌ ر"
24,23,"المد العارض للسكون","","عَظِيمٌ"
24,26,"إخفاء النون الساكنة والتنوين","","ٌ ك"
24,26,"إدغام النون الساكنة والتنوين - بغنة","","ٌ و"
24,26,"المد العارض للسكون","","كَرِيمٌ"
24,27,"إدغام النون الساكنة والتنوين - بدون غنة","","ٌ ل"
24,28,"المد العارض للسكون","","عَلِيمٌ"
24,29,"إدغام النون الساكنة والتنوين - بدون غنة","","ٌ ل"
24,32,"المد العارض للسكون","","عَلِيمٌ"
24,33,"إدغام النون الساكنة والتنوين - بدون غنة","","ٌ ر"
24,33,"المد العارض للسكون","","رَّحِيمٌ"
24,33,"مد العوض","","رًا"
24,34,"إدغام النون الساكنة والتنوين - بدون غنة","","ً ل"
24,35,"إخفاء النون الساكنة والتنوين","","ٌ د"
24,35,"إدغام النون الساكنة والتنوين - بغنة","","ٌ ي"
24,35,"المد العارض للسكون","","نَارٌ ۚ"
24,35,"المد العارض للسكون","","عَلِيمٌ"
24,37,"إدغام النون الساكنة والتنوين - بدون غنة","","ٌ ل"
24,37,"إدغام النون الساكنة والتنوين - بغنة","","ٌ و"
24,39,"إقلاب النون الساكنة والتنوين","","ٍ ب"
24,40,"إدغام النون الساكنة والتنوين - بغنة","","ٌ م"
24,40,"إدغام النون الساكنة والتنوين - بغنة","","ٌ م"
24,40,"المد العارض للسكون","","سَحَابٌ ۚ"
24,41,"إخفاء النون الساكنة والتنوين","","ٌ ق"
24,44,"إدغام النون الساكنة والتنوين - بدون غنة","","ً ل"
24,45,"المد العارض للسكون","","قَدِيرٌ"
24,47,"إدغام النون الساكنة والتنوين - بغنة","","ٌ م"
24,48,"إدغام النون الساكنة والتنوين - بغنة","","ٌ م"
24,53,"إدغام النون الساكنة والتنوين - بغنة","","ٌ م"
24,55,"مد العوض","","نًا"
24,55,"مد العوض","","ًٔا"
24,58,"المد العارض للسكون","","حَكِيمٌ"
24,59,"المد العارض للسكون","","حَكِيمٌ"
24,60,"إدغام النون الساكنة والتنوين - بدون غنة","","ٌ ل"
24,60,"إقلاب النون الساكنة والتنوين","","ٍ ب"
24,60,"المد العارض للسكون","","عَلِيمٌ"
24,61,"إخفاء النون الساكنة والتنوين","","ً ط"
24,61,"إدغام النون الساكنة والتنوين - بغنة","","ٌ و"
24,61,"إدغام النون الساكنة والتنوين - بغنة","","ٌ و"
24,61,"إدغام النون الساكنة والتنوين - بغنة","","ٌ و"
24,61,"إدغام النون الساكنة والتنوين - بغنة","","ً م"
24,61,"مد العوض","","تًا"
24,62,"إدغام النون الساكنة والتنوين - بدون غنة","","ٌ ر"
24,62,"المد العارض للسكون","","رَّحِيمٌ"
24,63,"مد العوض","","ضًا"
24,63,"مد العوض","","ذًا"
25,2,"إخفاء النون الساكنة والتنوين","","ٌ ف"
25,2,"مد العوض","","رًا"
25,3,"إدغام النون الساكنة والتنوين - بدون غنة","","ً ل"
25,3,"إدغام النون الساكنة والتنوين - بغنة","","ً و"
25,3,"مد العوض","","رًا"
25,4,"مد العوض","","رًا"
25,5,"إدغام النون الساكنة والتنوين - بغنة","","ً و"
25,5,"مد العوض","","لًا"
25,6,"مد العوض","","مًا"
25,7,"إخفاء النون الساكنة والتنوين","","ٌ ف"
25,8,"إدغام النون الساكنة والتنوين - بغنة","","ٌ ي"
25,9,"مد العوض","","لًا"
25,12,"إقلاب النون الساكنة والتنوين","","ٍ ب"
25,12,"مد العوض","","رًا"
25,13,"مد العوض","","رًا"
25,14,"مد العوض","","رًا"
25,15,"إدغام النون الساكنة والتنوين - بغنة","","ً و"
25,15,"مد العوض","","رًا"
25,16,"مد العوض","","لًا"
25,18,"مد العوض","","رًا"
25,19,"مد العوض","","رًا"
25,19,"مد العوض","","رًا"
25,20,"مد العوض","","رًا"
25,21,"مد العوض","","رًا"
25,22,"مد العوض","","رًا"
25,23,"إدغام النون الساكنة والتنوين - بغنة","","ً م"
25,24,"إدغام النون الساكنة والتنوين - بغنة","","ٌ م"
25,24,"مد العوض","","لًا"
25,26,"مد العوض","","رًا"
25,27,"مد العوض","","لًا"
25,28,"مد العوض","","لًا"
25,29,"مد العوض","","لًا"
25,30,"مد العوض","","رًا"
25,31,"مد العوض","","رًا"
25,32,"إدغام النون الساكنة والتنوين - بغنة","","ً و"
25,32,"مد العوض","","لًا"
25,34,"إدغام النون الساكنة والتنوين - بغنة","","ٌ م"
25,34,"مد العوض","","لًا"
25,35,"مد العوض","","رًا"
25,36,"مد العوض","","رًا"
25,37,"مد العوض","","مًا"
25,38,"مد العوض","","رًا"
25,39,"مد العوض","","رًا"
25,40,"مد العوض","","رًا"
25,45,"مد العوض","","لًا"
25,46,"مد العوض","","رًا"
25,47,"مد العوض","","رًا"
25,48,"إخفاء النون الساكنة والتنوين","","ً ط"
25,48,"مد العوض","","رًا"
25,49,"إدغام النون الساكنة والتنوين - بغنة","","ً م"
25,49,"مد العوض","","رًا"
25,50,"مد العوض","","رًا"
25,51,"مد العوض","","رًا"
25,52,"مد العوض","","رًا"
25,53,"إخفاء النون الساكنة والتنوين","","ٌ ف"
25,53,"إدغام النون الساكنة والتنوين - بغنة","","ٌ و"
25,53,"إدغام النون الساكنة والتنوين - بغنة","","ٌ و"
25,53,"مد العوض","","رًا"
25,54,"مد العوض","","رًا"
25,54,"مد العوض","","رًا"
25,55,"مد العوض","","رًا"
25,56,"مد العوض","","رًا"
25,57,"مد العوض","","لًا"
25,59,"مد العوض","","رًا"
25,60,"مد العوض","","رًا"
25,61,"مد العوض","","رًا"
25,62,"إدغام النون الساكنة والتنوين - بدون غنة","","ً ل"
25,62,"مد العوض","","رًا"
25,63,"مد العوض","","مًا"
25,64,"مد العوض","","مًا"
25,66,"مد العوض","","مًا"
25,67,"مد العوض","","مًا"
25,68,"مد العوض","","مًا"
25,70,"مد العوض","","مًا"
25,71,"مد العوض","","بًا"
25,72,"مد العوض","","مًا"
25,73,"مد العوض","","نًا"
25,75,"إدغام النون الساكنة والتنوين - بغنة","","ً و"
25,76,"مد العوض","","مًا"
26,3,"إدغام النون الساكنة والتنوين - بغنة","","ٌ ن"
26,4,"إخفاء النون الساكنة والتنوين","","ً ف"
26,14,"إخفاء النون الساكنة والتنوين","","ٌ ف"
26,22,"إخفاء النون الساكنة والتنوين","","ٌ ت"
26,27,"المد العارض للسكون","","لَمَجْنُونٌ"
26,32,"إدغام النون الساكنة والتنوين - بغنة","","ٌ م"
26,32,"المد العارض للسكون","","مُّبِينٌ"
26,34,"المد العارض للسكون","","عَلِيمٌ"
26,54,"إخفاء النون الساكنة والتنوين","","ٌ ق"
26,77,"إدغام النون الساكنة والتنوين - بدون غنة","","ٌ ل"
26,88,"إدغام النون الساكنة والتنوين - بغنة","","ٌ و"
26,102,"إخفاء النون الساكنة والتنوين","","ً ف"
26,107,"المد العارض للسكون","","أَمِينٌ"
26,115,"إدغام النون الساكنة والتنوين - بغنة","","ٌ م"
26,115,"المد العارض للسكون","","مُّبِينٌ"
26,125,"المد العارض للسكون","","أَمِينٌ"
26,128,"إخفاء النون الساكنة والتنوين","","ً ت"
26,143,"المد العارض للسكون","","أَمِينٌ"
26,148,"المد العارض للسكون","","هَضِيمٌ"
26,154,"إدغام النون الساكنة والتنوين - بغنة","","ٌ م"
26,155,"إدغام النون الساكنة والتنوين - بدون غنة","","ٌ ل"
26,155,"إدغام النون الساكنة والتنوين - بغنة","","ٌ و"
26,162,"المد العارض للسكون","","أَمِينٌ"
26,173,"مد العوض","","رًا"
26,178,"المد العارض للسكون","","أَمِينٌ"
26,186,"إدغام النون الساكنة والتنوين - بغنة","","ٌ م"
26,202,"إدغام النون الساكنة والتنوين - بغنة","","ً و"
26,216,"إدغام النون الساكنة والتنوين - بغنة","","ٌ م"
27,10,"إدغام النون الساكنة والتنوين - بغنة","","ٌ و"
27,11,"إدغام النون الساكنة والتنوين - بدون غنة","","ٌ ر"
27,11,"المد العارض للسكون","","رَّحِيمٌ"
27,13,"إخفاء النون الساكنة والتنوين","","ً ق"
27,13,"إدغام النون الساكنة والتنوين - بغنة","","ٌ م"
27,13,"المد العارض للسكون","","مُّبِينٌ"
27,14,"مد العوض","","ًّا"
27,15,"مد العوض","","مًا"
27,18,"إدغام النون الساكنة والتنوين - بغنة","","ٌ ي"
27,22,"إقلاب النون الساكنة والتنوين","","ٍ ب"
27,23,"إخفاء النون الساكنة والتنوين","","ً ت"
27,23,"المد العارض للسكون","","عَظِيمٌ"
27,29,"إخفاء النون الساكنة والتنوين","","ٌ ك"
27,36,"إدغام النون الساكنة والتنوين - بغنة","","ٌ م"
27,37,"إدغام النون الساكنة والتنوين - بغنة","","ً و"
27,39,"إدغام النون الساكنة والتنوين - بغنة","","ٌ م"
27,39,"المد العارض للسكون","","أَمِينٌ"
27,40,"إخفاء النون الساكنة والتنوين","","ٌ ك"
27,40,"إدغام النون الساكنة والتنوين - بغنة","","ٌ م"
27,40,"المد العارض للسكون","","كَرِيمٌ"
27,44,"إدغام النون الساكنة والتنوين - بغنة","","ً و"
27,44,"إدغام النون الساكنة والتنوين - بغنة","","ٌ م"
27,44,"إدغام النون الساكنة والتنوين - بغنة","","ٌ م"
27,47,"إخفاء النون الساكنة والتنوين","","ٌ ت"
27,52,"إدغام النون الساكنة والتنوين - بدون غنة","","ً ل"
27,55,"إخفاء النون الساكنة والتنوين","","ٌ ت"
27,55,"إدغام النون الساكنة والتنوين - بغنة","","ً م"
27,56,"إدغام النون الساكنة والتنوين - بغنة","","ٌ ي"
27,58,"مد العوض","","رًا"
27,60,"إخفاء النون الساكنة والتنوين","","ً ف"
27,60,"إدغام النون الساكنة والتنوين - بغنة","","ٌ م"
27,60,"إدغام النون الساكنة والتنوين - بغنة","","ٌ ي"
27,61,"إدغام النون الساكنة والتنوين - بغنة","","ٌ م"
27,62,"إدغام النون الساكنة والتنوين - بغنة","","ٌ م"
27,63,"إدغام النون الساكنة والتنوين - بغنة","","ٌ م"
27,64,"إدغام النون الساكنة والتنوين - بغنة","","ٌ م"
27,77,"إدغام النون الساكنة والتنوين - بدون غنة","","ٌ ل"
27,82,"إدغام النون الساكنة والتنوين - بغنة","","ً م"
27,88,"إدغام النون الساكنة والتنوين - بغنة","","ً و"
27,89,"إدغام النون الساكنة والتنوين - بغنة","","ٌ م"
28,4,"إدغام النون الساكنة والتنوين - بغنة","","ً م"
28,5,"إدغام النون الساكنة والتنوين - بغنة","","ً و"
28,13,"إدغام النون الساكنة والتنوين - بغنة","","ٌ و"
28,14,"مد العوض","","مًا"
28,15,"إدغام النون الساكنة والتنوين - بغنة","","ٌ م"
28,15,"إدغام النون الساكنة والتنوين - بغنة","","ٌ م"
28,15,"المد العارض للسكون","","مُّبِينٌ"
28,18,"إدغام النون الساكنة والتنوين - بغنة","","ٌ م"
28,18,"المد العارض للسكون","","مُّبِينٌ"
28,19,"إدغام النون الساكنة والتنوين - بدون غنة","","ٌ ل"
28,20,"إدغام النون الساكنة والتنوين - بغنة","","ٌ م"
28,23,"إخفاء النون الساكنة والتنوين","","ٌ ك"
28,23,"إدغام النون الساكنة والتنوين - بغنة","","ً م"
28,23,"المد العارض للسكون","","كَبِيرٌ"
28,24,"المد العارض للسكون","","فَقِيرٌ"
28,28,"المد العارض للسكون","","وَكِيلٌ"
28,31,"إدغام النون الساكنة والتنوين - بغنة","","ٌ و"
28,36,"إدغام النون الساكنة والتنوين - بغنة","","ٌ م"
28,41,"إدغام النون الساكنة والتنوين - بغنة","","ً ي"
28,43,"إدغام النون الساكنة والتنوين - بدون غنة","","ً ل"
28,46,"إدغام النون الساكنة والتنوين - بغنة","","ً م"
28,58,"إقلاب النون الساكنة والتنوين","","ٍ ب"
28,58,"مد العوض","","لًا"
28,60,"إدغام النون الساكنة والتنوين - بغنة","","ٌ و"
28,78,"إدغام النون الساكنة والتنوين - بغنة","","ً و"
28,78,"مد العوض","","عًا"
28,80,"إدغام النون الساكنة والتنوين - بدون غنة","","ٌ ل"
28,83,"مد العوض","","دًا"
28,84,"إدغام النون الساكنة والتنوين - بغنة","","ٌ م"
28,86,"إدغام النون الساكنة والتنوين - بغنة","","ً م"
29,8,"إخفاء النون الساكنة والتنوين","","ٌ ف"
29,8,"مد العوض","","نًا"
29,10,"إدغام النون الساكنة والتنوين - بغنة","","ٌ م"
29,15,"إدغام النون الساكنة والتنوين - بدون غنة","","ً ل"
29,16,"إدغام النون الساكنة والتنوين - بدون غنة","","ٌ ل"
29,18,"إدغام النون الساكنة والتنوين - بغنة","","ٌ م"
29,19,"المد العارض للسكون","","يَسِيرٌ"
29,20,"المد العارض للسكون","","قَدِيرٌ"
29,23,"المد العارض للسكون","","أَلِيمٌ"
29,26,"المد العارض للسكون","","لُوطٌ ۘ"
29,32,"مد العوض","","طًا"
29,35,"إدغام النون الساكنة والتنوين - بدون غنة","","ً ل"
29,41,"مد العوض","","تًا"
29,44,"إدغام النون الساكنة والتنوين - بدون غنة","","ً ل"
29,46,"إدغام النون الساكنة والتنوين - بغنة","","ٌ و"
29,49,"إخفاء النون الساكنة والتنوين","","ٌ ف"
29,50,"إدغام النون الساكنة والتنوين - بغنة","","ٌ م"
29,50,"إدغام النون الساكنة والتنوين - بغنة","","ٌ م"
29,51,"إدغام النون الساكنة والتنوين - بغنة","","ً و"
29,52,"مد العوض","","دًا"
29,53,"إدغام النون الساكنة والتنوين - بغنة","","ٌ م"
29,53,"إدغام النون الساكنة والتنوين - بغنة","","ً و"
29,56,"إخفاء النون الساكنة والتنوين","","ٌ ف"
29,62,"المد العارض للسكون","","عَلِيمٌ"
29,63,"إخفاء النون الساكنة والتنوين","","ً ف"
29,64,"إدغام النون الساكنة والتنوين - بغنة","","ٌ و"
30,9,"إدغام النون الساكنة والتنوين - بغنة","","ً و"
30,20,"إخفاء النون الساكنة والتنوين","","ٌ ت"
30,21,"إدغام النون الساكنة والتنوين - بغنة","","ً و"
30,24,"إخفاء النون الساكنة والتنوين","","ً ف"
30,25,"إدغام النون الساكنة والتنوين - بغنة","","ً م"
30,26,"إدغام النون الساكنة والتنوين - بدون غنة","","ٌ ل"
30,28,"إخفاء النون الساكنة والتنوين","","ٌ ت"
30,30,"مد العوض","","فًا"
30,32,"إقلاب النون الساكنة والتنوين","","ٍ ب"
30,32,"مد العوض","","عًا"
30,33,"إخفاء النون الساكنة والتنوين","","ٌ د"
30,33,"إدغام النون الساكنة والتنوين - بغنة","","ٌ م"
30,36,"إخفاء النون الساكنة والتنوين","","ً ف"
30,38,"إدغام النون الساكنة والتنوين - بدون غنة","","ٌ ل"
30,43,"إدغام النون الساكنة والتنوين - بدون غنة","","ٌ ل"
30,50,"المد العارض للسكون","","قَدِيرٌ"
30,54,"إخفاء النون الساكنة والتنوين","","ً ث"
31,3,"إدغام النون الساكنة والتنوين - بدون غنة","","ً ل"
31,6,"إدغام النون الساكنة والتنوين - بغنة","","ٌ م"
31,6,"المد العارض للسكون","","مُّهِينٌ"
31,7,"مد العوض","","رًا"
31,9,"مد العوض","","ًّا"
31,10,"إخفاء النون الساكنة والتنوين","","ً ف"
31,12,"المد العارض للسكون","","حَمِيدٌ"
31,13,"المد العارض للسكون","","عَظِيمٌ"
31,15,"إخفاء النون الساكنة والتنوين","","ٌ ف"
31,15,"مد العوض","","فًا"
31,16,"المد العارض للسكون","","خَبِيرٌ"
31,20,"إدغام النون الساكنة والتنوين - بغنة","","ً و"
31,22,"إخفاء النون الساكنة والتنوين","","ٌ ف"
31,27,"إدغام النون الساكنة والتنوين - بغنة","","ٌ و"
31,27,"المد العارض للسكون","","حَكِيمٌ"
31,29,"إدغام النون الساكنة والتنوين - بغنة","","ٌ ي"
31,29,"المد العارض للسكون","","خَبِيرٌ"
31,32,"إخفاء النون الساكنة والتنوين","","ٌ ك"
31,34,"إدغام النون الساكنة والتنوين - بغنة","","ٌ م"
31,34,"مد العوض","","دًا"
32,10,"المد العارض للسكون","","جَدِيدٍ ۚ"
32,17,"إدغام النون الساكنة والتنوين - بغنة","","ٌ م"
32,18,"مد العوض","","قًا"
32,24,"إدغام النون الساكنة والتنوين - بغنة","","ً ي"
33,1,"مد العوض","","مًا"
33,2,"مد العوض","","رًا"
33,3,"مد العوض","","لًا"
33,5,"إخفاء النون الساكنة والتنوين","","ٌ ف"
33,6,"مد العوض","","فًا"
33,6,"مد العوض","","رًا"
33,7,"مد العوض","","ظًا"
33,8,"مد العوض","","مًا"
33,9,"إخفاء النون الساكنة والتنوين","","ٌ ف"
33,11,"مد العوض","","دًا"
33,12,"إدغام النون الساكنة والتنوين - بغنة","","ٌ م"
33,12,"مد العوض","","رًا"
33,13,"إدغام النون الساكنة والتنوين - بغنة","","ٌ م"
33,13,"إدغام النون الساكنة والتنوين - بغنة","","ٌ م"
33,13,"إدغام النون الساكنة والتنوين - بغنة","","ٌ و"
33,13,"مد العوض","","رًا"
33,14,"مد العوض","","رًا"
33,15,"مد العوض","","لًا"
33,16,"مد العوض","","لًا"
33,17,"مد العوض","","رًا"
33,19,"مد العوض","","رًا"
33,20,"مد العوض","","لًا"
33,21,"إدغام النون الساكنة والتنوين - بدون غنة","","ٌ ل"
33,21,"مد العوض","","رًا"
33,22,"مد العوض","","مًا"
33,23,"إخفاء النون الساكنة والتنوين","","ٌ ص"
33,23,"مد العوض","","لًا"
33,24,"مد العوض","","مًا"
33,25,"مد العوض","","رًا"
33,25,"مد العوض","","زًا"
33,26,"مد العوض","","قًا"
33,27,"مد العوض","","رًا"
33,28,"مد العوض","","لًا"
33,29,"مد العوض","","مًا"
33,30,"مد العوض","","رًا"
33,31,"مد العوض","","مًا"
33,32,"إدغام النون الساكنة والتنوين - بغنة","","ٌ و"
33,32,"مد العوض","","فًا"
33,33,"مد العوض","","رًا"
33,35,"إدغام النون الساكنة والتنوين - بغنة","","ً و"
33,35,"مد العوض","","مًا"
33,36,"مد العوض","","نًا"
33,37,"إخفاء النون الساكنة والتنوين","","ٌ ف"
33,37,"إدغام النون الساكنة والتنوين - بغنة","","ٌ م"
33,37,"مد العوض","","رًا"
33,37,"مد العوض","","لًا"
33,39,"مد العوض","","بًا"
33,40,"مد العوض","","مًا"
33,41,"مد العوض","","رًا"
33,42,"إدغام النون الساكنة والتنوين - بغنة","","ً و"
33,43,"مد العوض","","مًا"
33,44,"مد العوض","","مًا"
33,45,"مد العوض","","رًا"
33,46,"مد العوض","","رًا"
33,47,"مد العوض","","رًا"
33,48,"مد العوض","","لًا"
33,49,"مد العوض","","لًا"
33,50,"إدغام النون الساكنة والتنوين - بدون غنة","","ً ل"
33,50,"إدغام النون الساكنة والتنوين - بغنة","","ً م"
33,50,"مد العوض","","مًا"
33,51,"مد العوض","","مًا"
33,52,"مد العوض","","بًا"
33,54,"مد العوض","","مًا"
33,57,"مد العوض","","نًا"
33,58,"مد العوض","","نًا"
33,59,"مد العوض","","مًا"
33,60,"إدغام النون الساكنة والتنوين - بغنة","","ٌ و"
33,60,"مد العوض","","لًا"
33,61,"مد العوض","","لًا"
33,62,"مد العوض","","لًا"
33,65,"مد العوض","","دًا"
33,65,"مد العوض","","رًا"
33,68,"مد العوض","","رًا"
33,69,"مد العوض","","هًا"
33,70,"مد العوض","","دًا"
33,72,"مد العوض","","لًا"
34,4,"إخفاء النون الساكنة والتنوين","","ٌ ك"
34,4,"إدغام النون الساكنة والتنوين - بغنة","","ٌ و"
34,4,"المد العارض للسكون","","كَرِيمٌ"
34,5,"إدغام النون الساكنة والتنوين - بغنة","","ٌ م"
34,5,"المد العارض للسكون","","أَلِيمٌ"
34,9,"إدغام النون الساكنة والتنوين - بدون غنة","","ً ل"
34,10,"مد العوض","","لًا"
34,11,"المد العارض للسكون","","بَصِيرٌ"
34,12,"إدغام النون الساكنة والتنوين - بغنة","","ٌ و"
34,13,"إدغام النون الساكنة والتنوين - بغنة","","ٌ م"
34,13,"مد العوض","","رًا"
34,15,"إخفاء النون الساكنة والتنوين","","ٌ ط"
34,15,"إدغام النون الساكنة والتنوين - بغنة","","ٌ و"
34,15,"المد العارض للسكون","","غَفُورٌ"
34,18,"إدغام النون الساكنة والتنوين - بغنة","","ً و"
34,21,"المد العارض للسكون","","حَفِيظٌ"
34,28,"إدغام النون الساكنة والتنوين - بدون غنة","","ً ل"
34,30,"إدغام النون الساكنة والتنوين - بغنة","","ً و"
34,33,"مد العوض","","دًا"
34,43,"إدغام النون الساكنة والتنوين - بغنة","","ٌ ي"
34,43,"إدغام النون الساكنة والتنوين - بغنة","","ٌ م"
34,43,"إدغام النون الساكنة والتنوين - بغنة","","ٌ م"
34,43,"المد العارض للسكون","","مُّبِينٌ"
34,46,"إدغام النون الساكنة والتنوين - بدون غنة","","ٌ ل"
34,47,"المد العارض للسكون","","شَهِيدٌ"
34,50,"إخفاء النون الساكنة والتنوين","","ٌ ق"
34,50,"المد العارض للسكون","","قَرِيبٌ"
34,52,"إقلاب النون الساكنة والتنوين","","ٍ ب"
34,53,"إقلاب النون الساكنة والتنوين","","ٍ ب"
34,54,"المد العارض للسكون","","مُّرِيبٍ"
35,1,"المد العارض للسكون","","قَدِيرٌ"
35,4,"إدغام النون الساكنة والتنوين - بغنة","","ٌ م"
35,6,"إخفاء النون الساكنة والتنوين","","ٌ ف"
35,7,"إخفاء النون الساكنة والتنوين","","ٌ ش"
35,7,"إخفاء النون الساكنة والتنوين","","ٌ ك"
35,7,"إدغام النون الساكنة والتنوين - بغنة","","ٌ و"
35,7,"المد العارض للسكون","","شَدِيدٌ ۖ"
35,8,"مد العوض","","نًا"
35,10,"إخفاء النون الساكنة والتنوين","","ٌ ش"
35,10,"المد العارض للسكون","","شَدِيدٌ ۖ"
35,11,"المد العارض للسكون","","يَسِيرٌ"
35,11,"مد العوض","","جًا"
35,12,"إخفاء النون الساكنة والتنوين","","ٌ ف"
35,12,"إخفاء النون الساكنة والتنوين","","ٌ س"
35,12,"إخفاء النون الساكنة والتنوين","","ٌ ش"
35,12,"إخفاء النون الساكنة والتنوين","","ً ت"
35,12,"المد العارض للسكون","","أُجَاجٌ ۖ"
35,13,"إدغام النون الساكنة والتنوين - بغنة","","ٌ ي"
35,18,"إدغام النون الساكنة والتنوين - بغنة","","ٌ و"
35,18,"إدغام النون الساكنة والتنوين - بغنة","","ٌ و"
35,24,"المد العارض للسكون","","نَذِيرٌ"
35,24,"مد العوض","","رًا"
35,27,"إخفاء النون الساكنة والتنوين","","ً ف"
35,27,"إدغام النون الساكنة والتنوين - بغنة","","ٌ و"
35,27,"إدغام النون الساكنة والتنوين - بغنة","","ٌ م"
35,27,"المد العارض للسكون","","سُودٌ"
35,29,"إدغام النون الساكنة والتنوين - بدون غنة","","ً ل"
35,29,"إدغام النون الساكنة والتنوين - بغنة","","ً ي"
35,30,"إخفاء النون الساكنة والتنوين","","ٌ ش"
35,30,"المد العارض للسكون","","شَكُورٌ"
35,31,"المد العارض للسكون","","بَصِيرٌ"
35,32,"إدغام النون الساكنة والتنوين - بدون غنة","","ٌ ل"
35,32,"إدغام النون الساكنة والتنوين - بغنة","","ٌ و"
35,33,"المد العارض للسكون","","حَرِيرٌ"
35,33,"مد العوض","","ؤًا"
35,34,"إخفاء النون الساكنة والتنوين","","ٌ ش"
35,35,"إدغام النون الساكنة والتنوين - بغنة","","ٌ و"
35,35,"المد العارض للسكون","","لُغُوبٌ"
35,39,"مد العوض","","تًا"
35,39,"مد العوض","","رًا"
35,40,"إخفاء النون الساكنة والتنوين","","ٌ ف"
35,41,"مد العوض","","رًا"
35,42,"إدغام النون الساكنة والتنوين - بدون غنة","","ٌ ل"
35,42,"إدغام النون الساكنة والتنوين - بغنة","","ٌ م"
35,43,"مد العوض","","لًا"
35,44,"مد العوض","","رًا"
36,15,"إدغام النون الساكنة والتنوين - بغنة","","ٌ م"
36,18,"المد العارض للسكون","","أَلِيمٌ"
36,19,"إدغام النون الساكنة والتنوين - بغنة","","ٌ م"
36,20,"إدغام النون الساكنة والتنوين - بغنة","","ٌ ي"
36,29,"إخفاء النون الساكنة والتنوين","","ً ف"
36,29,"إدغام النون الساكنة والتنوين - بغنة","","ً و"
36,32,"إدغام النون الساكنة والتنوين - بدون غنة","","ٌ ل"
36,32,"إدغام النون الساكنة والتنوين - بدون غنة","","ٌ ل"
36,33,"إدغام النون الساكنة والتنوين - بدون غنة","","ٌ ل"
36,37,"إدغام النون الساكنة والتنوين - بدون غنة","","ٌ ل"
36,40,"إخفاء النون الساكنة والتنوين","","ٌ ف"
36,41,"إدغام النون الساكنة والتنوين - بدون غنة","","ٌ ل"
36,44,"إدغام النون الساكنة والتنوين - بغنة","","ً م"
36,49,"إخفاء النون الساكنة والتنوين","","ً ت"
36,49,"إدغام النون الساكنة والتنوين - بغنة","","ً و"
36,50,"إدغام النون الساكنة والتنوين - بغنة","","ً و"
36,53,"إخفاء النون الساكنة والتنوين","","ً ف"
36,53,"إدغام النون الساكنة والتنوين - بدون غنة","","ٌ ل"
36,53,"إدغام النون الساكنة والتنوين - بغنة","","ً و"
36,54,"إخفاء النون الساكنة والتنوين","","ٌ ش"
36,57,"إدغام النون الساكنة والتنوين - بغنة","","ٌ و"
36,58,"إخفاء النون الساكنة والتنوين","","ٌ ق"
36,60,"إدغام النون الساكنة والتنوين - بغنة","","ٌ م"
36,60,"المد العارض للسكون","","مُّبِينٌ"
36,61,"إدغام النون الساكنة والتنوين - بغنة","","ٌ م"
36,61,"المد العارض للسكون","","مُّسْتَقِيمٌ"
36,69,"إدغام النون الساكنة والتنوين - بغنة","","ٌ و"
36,69,"إدغام النون الساكنة والتنوين - بغنة","","ٌ م"
36,69,"المد العارض للسكون","","مُّبِينٌ"
36,74,"إدغام النون الساكنة والتنوين - بدون غنة","","ً ل"
36,75,"إدغام النون الساكنة والتنوين - بغنة","","ٌ م"
36,77,"إدغام النون الساكنة والتنوين - بغنة","","ٌ م"
36,77,"المد العارض للسكون","","مُّبِينٌ"
36,78,"المد العارض للسكون","","رَمِيمٌ"
37,1,"مد العوض","","ًّا"
37,2,"مد العوض","","رًا"
37,9,"إدغام النون الساكنة والتنوين - بغنة","","ٌ و"
37,9,"مد العوض","","رًا"
37,10,"إخفاء النون الساكنة والتنوين","","ٌ ث"
37,14,"إدغام النون الساكنة والتنوين - بغنة","","ً ي"
37,15,"إدغام النون الساكنة والتنوين - بغنة","","ٌ م"
37,19,"إخفاء النون الساكنة والتنوين","","ٌ ف"
37,19,"إدغام النون الساكنة والتنوين - بغنة","","ٌ و"
37,36,"المد العارض للسكون","","مَّجْنُونٍ"
37,41,"إدغام النون الساكنة والتنوين - بغنة","","ٌ م"
37,41,"المد العارض للسكون","","مَّعْلُومٌ"
37,45,"المد العارض للسكون","","مَّعِينٍ"
37,47,"إدغام النون الساكنة والتنوين - بغنة","","ٌ و"
37,48,"المد العارض للسكون","","عِينٌ"
37,49,"إدغام النون الساكنة والتنوين - بغنة","","ٌ م"
37,49,"المد العارض للسكون","","مَّكْنُونٌ"
37,51,"إدغام النون الساكنة والتنوين - بغنة","","ٌ م"
37,51,"المد العارض للسكون","","قَرِينٌ"
37,62,"إدغام النون الساكنة والتنوين - بغنة","","ٌ ن"
37,63,"إدغام النون الساكنة والتنوين - بدون غنة","","ً ل"
37,64,"إخفاء النون الساكنة والتنوين","","ٌ ت"
37,75,"إخفاء النون الساكنة والتنوين","","ٌ ف"
37,86,"إخفاء النون الساكنة والتنوين","","ً د"
37,88,"إخفاء النون الساكنة والتنوين","","ً ف"
37,89,"المد العارض للسكون","","سَقِيمٌ"
37,113,"إدغام النون الساكنة والتنوين - بدون غنة","","ٌ ل"
37,113,"إدغام النون الساكنة والتنوين - بغنة","","ٌ و"
37,113,"المد العارض للسكون","","مُبِينٌ"
37,142,"المد العارض للسكون","","مُلِيمٌ"
37,145,"المد العارض للسكون","","سَقِيمٌ"
37,146,"إدغام النون الساكنة والتنوين - بغنة","","ً م"
37,156,"إدغام النون الساكنة والتنوين - بغنة","","ٌ م"
37,156,"المد العارض للسكون","","مُّبِينٌ"
37,158,"مد العوض","","بًا"
37,164,"إدغام النون الساكنة والتنوين - بغنة","","ٌ م"
37,164,"المد العارض للسكون","","مَّعْلُومٌ"
38,4,"إخفاء النون الساكنة والتنوين","","ٌ ك"
38,4,"إدغام النون الساكنة والتنوين - بغنة","","ٌ م"
38,5,"المد العارض للسكون","","عُجَابٌ"
38,6,"إدغام النون الساكنة والتنوين - بغنة","","ٌ ي"
38,11,"إدغام النون الساكنة والتنوين - بغنة","","ٌ م"
38,11,"إدغام النون الساكنة والتنوين - بغنة","","ٌ م"
38,12,"إدغام النون الساكنة والتنوين - بغنة","","ٌ و"
38,15,"إدغام النون الساكنة والتنوين - بغنة","","ً و"
38,15,"إدغام النون الساكنة والتنوين - بغنة","","ً م"
38,19,"إدغام النون الساكنة والتنوين - بدون غنة","","ٌ ل"
38,19,"المد العارض للسكون","","أَوَّابٌ"
38,23,"إخفاء النون الساكنة والتنوين","","ٌ ف"
38,23,"إدغام النون الساكنة والتنوين - بغنة","","ٌ و"
38,23,"إدغام النون الساكنة والتنوين - بغنة","","ٌ و"
38,23,"إدغام النون الساكنة والتنوين - بغنة","","ً و"
38,24,"إدغام النون الساكنة والتنوين - بغنة","","ٌ م"
38,26,"إخفاء النون الساكنة والتنوين","","ً ف"
38,26,"إخفاء النون الساكنة والتنوين","","ٌ ش"
38,27,"إدغام النون الساكنة والتنوين - بدون غنة","","ٌ ل"
38,27,"مد العوض","","لًا"
38,29,"إدغام النون الساكنة والتنوين - بدون غنة","","ٌ ل"
38,42,"إدغام النون الساكنة والتنوين - بغنة","","ٌ و"
38,42,"المد العارض للسكون","","وَشَرَابٌ"
38,43,"إدغام النون الساكنة والتنوين - بغنة","","ً م"
38,44,"المد العارض للسكون","","أَوَّابٌ"
38,44,"مد العوض","","رًا"
38,48,"إدغام النون الساكنة والتنوين - بغنة","","ٌ م"
38,50,"إدغام النون الساكنة والتنوين - بدون غنة","","ً ل"
38,57,"إدغام النون الساكنة والتنوين - بغنة","","ٌ و"
38,57,"المد العارض للسكون","","وَغَسَّاقٌ"
38,59,"إدغام النون الساكنة والتنوين - بغنة","","ٌ م"
38,59,"إدغام النون الساكنة والتنوين - بغنة","","ٌ م"
38,64,"إخفاء النون الساكنة والتنوين","","ٌ ت"
38,69,"إقلاب النون الساكنة والتنوين","","ٍ ب"
38,70,"إدغام النون الساكنة والتنوين - بغنة","","ٌ م"
38,76,"إدغام النون الساكنة والتنوين - بغنة","","ٌ م"
38,77,"المد العارض للسكون","","رَجِيمٌ"
38,87,"إدغام النون الساكنة والتنوين - بدون غنة","","ٌ ل"
38,88,"المد العارض للسكون","","حِينٍ"
39,3,"إخفاء النون الساكنة والتنوين","","ٌ ك"
39,3,"المد العارض للسكون","","كَفَّارٌ"
39,5,"إدغام النون الساكنة والتنوين - بغنة","","ٌ ي"
39,7,"إدغام النون الساكنة والتنوين - بغنة","","ٌ و"
39,8,"إخفاء النون الساكنة والتنوين","","ٌ د"
39,8,"إدغام النون الساكنة والتنوين - بغنة","","ً م"
39,16,"إدغام النون الساكنة والتنوين - بغنة","","ٌ م"
39,20,"إخفاء النون الساكنة والتنوين","","ٌ ت"
39,20,"إدغام النون الساكنة والتنوين - بغنة","","ٌ م"
39,20,"إدغام النون الساكنة والتنوين - بغنة","","ٌ م"
39,21,"إخفاء النون الساكنة والتنوين","","ً ف"
39,22,"إدغام النون الساكنة والتنوين - بدون غنة","","ٌ ل"
39,30,"إدغام النون الساكنة والتنوين - بغنة","","ٌ و"
39,40,"إدغام النون الساكنة والتنوين - بغنة","","ٌ ي"
39,40,"إدغام النون الساكنة والتنوين - بغنة","","ٌ م"
39,44,"مد العوض","","عًا"
39,49,"إخفاء النون الساكنة والتنوين","","ٌ د"
39,49,"إدغام النون الساكنة والتنوين - بغنة","","ً م"
39,49,"إدغام النون الساكنة والتنوين - بغنة","","ٌ و"
39,55,"إدغام النون الساكنة والتنوين - بغنة","","ً و"
39,56,"إدغام النون الساكنة والتنوين - بغنة","","ٌ ي"
39,58,"إخفاء النون الساكنة والتنوين","","ً ف"
39,62,"المد العارض للسكون","","وَكِيلٌ"
39,68,"إدغام النون الساكنة والتنوين - بغنة","","ٌ ي"
39,71,"إدغام النون الساكنة والتنوين - بغنة","","ٌ م"
40,5,"إقلاب النون الساكنة والتنوين","","ٍ ب"
40,7,"إدغام النون الساكنة والتنوين - بغنة","","ً و"
40,13,"مد العوض","","قًا"
40,17,"إقلاب النون الساكنة والتنوين","","ٍ ب"
40,21,"إدغام النون الساكنة والتنوين - بغنة","","ً و"
40,22,"إخفاء النون الساكنة والتنوين","","ٌ ش"
40,24,"إخفاء النون الساكنة والتنوين","","ٌ ك"
40,24,"المد العارض للسكون","","كَذَّابٌ"
40,28,"إخفاء النون الساكنة والتنوين","","ٌ ك"
40,28,"إدغام النون الساكنة والتنوين - بغنة","","ٌ م"
40,28,"إدغام النون الساكنة والتنوين - بغنة","","ٌ م"
40,28,"المد العارض للسكون","","كَذَّابٌ"
40,34,"إدغام النون الساكنة والتنوين - بغنة","","ٌ م"
40,34,"مد العوض","","لًا"
40,37,"مد العوض","","بًا"
40,39,"إدغام النون الساكنة والتنوين - بغنة","","ٌ و"
40,40,"إخفاء النون الساكنة والتنوين","","ً ف"
40,40,"إخفاء النون الساكنة والتنوين","","ٌ ف"
40,42,"إدغام النون الساكنة والتنوين - بغنة","","ٌ و"
40,43,"إخفاء النون الساكنة والتنوين","","ٌ ف"
40,46,"مد العوض","","ًّا"
40,48,"إخفاء النون الساكنة والتنوين","","ٌ ف"
40,55,"إدغام النون الساكنة والتنوين - بغنة","","ٌ و"
40,56,"إدغام النون الساكنة والتنوين - بغنة","","ٌ م"
40,59,"إدغام النون الساكنة والتنوين - بدون غنة","","ٌ ل"
40,64,"إدغام النون الساكنة والتنوين - بغنة","","ً و"
40,67,"مد العوض","","خًا"
40,74,"مد العوض","","ًٔا"
40,80,"إخفاء النون الساكنة والتنوين","","ً ف"
40,82,"إدغام النون الساكنة والتنوين - بغنة","","ً و"
41,2,"إدغام النون الساكنة والتنوين - بغنة","","ٌ م"
41,3,"إخفاء النون الساكنة والتنوين","","ٌ ف"
41,5,"إخفاء النون الساكنة والتنوين","","ٌ ف"
41,5,"إدغام النون الساكنة والتنوين - بغنة","","ٌ و"
41,6,"إخفاء النون الساكنة والتنوين","","ٌ ف"
41,6,"إدغام النون الساكنة والتنوين - بدون غنة","","ٌ ل"
41,6,"إدغام النون الساكنة والتنوين - بغنة","","ٌ م"
41,6,"إدغام النون الساكنة والتنوين - بغنة","","ٌ و"
41,9,"مد العوض","","دًا"
41,10,"إدغام النون الساكنة والتنوين - بدون غنة","","ً ل"
41,11,"إخفاء النون الساكنة والتنوين","","ٌ ف"
41,12,"مد العوض","","ظًا"
41,13,"إدغام النون الساكنة والتنوين - بغنة","","ً م"
41,14,"إخفاء النون الساكنة والتنوين","","ً ف"
41,15,"إخفاء النون الساكنة والتنوين","","ٌ ف"
41,34,"إخفاء النون الساكنة والتنوين","","ٌ ك"
41,34,"المد العارض للسكون","","حَمِيمٌ"
41,36,"إخفاء النون الساكنة والتنوين","","ٌ ف"
41,39,"إخفاء النون الساكنة والتنوين","","ً ف"
41,41,"المد العارض للسكون","","عَزِيزٌ"
41,42,"إدغام النون الساكنة والتنوين - بغنة","","ٌ م"
41,44,"إدغام النون الساكنة والتنوين - بغنة","","ٌ و"
41,44,"إدغام النون الساكنة والتنوين - بغنة","","ٌ و"
41,44,"إقلاب النون الساكنة والتنوين","","ٍ ب"
41,45,"إخفاء النون الساكنة والتنوين","","ٌ س"
41,49,"إخفاء النون الساكنة والتنوين","","ٌ ق"
41,49,"المد العارض للسكون","","قَنُوطٌ"
41,50,"إدغام النون الساكنة والتنوين - بغنة","","ً م"
41,50,"إدغام النون الساكنة والتنوين - بغنة","","ً و"
41,52,"إقلاب النون الساكنة والتنوين","","ٍ ب"
42,7,"إخفاء النون الساكنة والتنوين","","ٌ ف"
42,7,"إخفاء النون الساكنة والتنوين","","ٌ ف"
42,8,"إدغام النون الساكنة والتنوين - بغنة","","ً و"
42,8,"إدغام النون الساكنة والتنوين - بغنة","","ً و"
42,9,"المد العارض للسكون","","قَدِيرٌ"
42,11,"مد العوض","","جًا"
42,12,"المد العارض للسكون","","عَلِيمٌ"
42,14,"إخفاء النون الساكنة والتنوين","","ٌ س"
42,16,"إخفاء النون الساكنة والتنوين","","ٌ ش"
42,16,"إدغام النون الساكنة والتنوين - بغنة","","ٌ و"
42,17,"المد العارض للسكون","","قَرِيبٌ"
42,18,"إقلاب النون الساكنة والتنوين","","ٍ ب"
42,21,"المد العارض للسكون","","أَلِيمٌ"
42,23,"إخفاء النون الساكنة والتنوين","","ٌ ش"
42,23,"إدغام النون الساكنة والتنوين - بغنة","","ً ن"
42,24,"مد العوض","","بًا"
42,26,"إخفاء النون الساكنة والتنوين","","ٌ ش"
42,26,"المد العارض للسكون","","شَدِيدٌ"
42,27,"المد العارض للسكون","","بَصِيرٌ"
42,29,"المد العارض للسكون","","قَدِيرٌ"
42,36,"إدغام النون الساكنة والتنوين - بغنة","","ٌ و"
42,40,"إدغام النون الساكنة والتنوين - بغنة","","ٌ م"
42,42,"المد العارض للسكون","","أَلِيمٌ"
42,47,"إدغام النون الساكنة والتنوين - بدون غنة","","ٌ ل"
42,48,"إخفاء النون الساكنة والتنوين","","ً ف"
42,48,"المد العارض للسكون","","كَفُورٌ"
42,50,"إخفاء النون الساكنة والتنوين","","ٌ ق"
42,50,"المد العارض للسكون","","قَدِيرٌ"
42,50,"مد العوض","","ثًا"
42,51,"المد العارض للسكون","","حَكِيمٌ"
43,11,"إدغام النون الساكنة والتنوين - بغنة","","ً م"
43,11,"مد العوض","","تًا"
43,15,"إدغام النون الساكنة والتنوين - بغنة","","ٌ م"
43,26,"إدغام النون الساكنة والتنوين - بغنة","","ٌ م"
43,28,"إخفاء النون الساكنة والتنوين","","ً ف"
43,29,"إدغام النون الساكنة والتنوين - بغنة","","ٌ م"
43,29,"المد العارض للسكون","","مُّبِينٌ"
43,30,"إدغام النون الساكنة والتنوين - بغنة","","ٌ و"
43,32,"إدغام النون الساكنة والتنوين - بغنة","","ٌ م"
43,32,"مد العوض","","ًّا"
43,33,"إدغام النون الساكنة والتنوين - بدون غنة","","ً ل"
43,33,"إدغام النون الساكنة والتنوين - بغنة","","ً و"
43,35,"مد العوض","","فًا"
43,36,"المد العارض للسكون","","قَرِينٌ"
43,44,"إدغام النون الساكنة والتنوين - بدون غنة","","ٌ ل"
43,45,"إدغام النون الساكنة والتنوين - بغنة","","ً ي"
43,52,"إدغام النون الساكنة والتنوين - بغنة","","ٌ م"
43,52,"إدغام النون الساكنة والتنوين - بغنة","","ٌ و"
43,53,"إدغام النون الساكنة والتنوين - بغنة","","ٌ م"
43,60,"إخفاء النون الساكنة والتنوين","","ً ف"
43,61,"إدغام النون الساكنة والتنوين - بدون غنة","","ٌ ل"
43,61,"إدغام النون الساكنة والتنوين - بغنة","","ٌ م"
43,61,"المد العارض للسكون","","مُّسْتَقِيمٌ"
43,62,"إدغام النون الساكنة والتنوين - بغنة","","ٌ م"
43,62,"المد العارض للسكون","","مُّبِينٌ"
43,64,"إدغام النون الساكنة والتنوين - بغنة","","ٌ م"
43,64,"المد العارض للسكون","","مُّسْتَقِيمٌ"
43,65,"إدغام النون الساكنة والتنوين - بدون غنة","","ٌ ل"
43,66,"إدغام النون الساكنة والتنوين - بغنة","","ً و"
43,67,"إقلاب النون الساكنة والتنوين","","ٍ ب"
43,73,"إخفاء النون الساكنة والتنوين","","ٌ ك"
43,73,"إدغام النون الساكنة والتنوين - بغنة","","ٌ م"
43,81,"إخفاء النون الساكنة والتنوين","","ٌ ف"
43,84,"إدغام النون الساكنة والتنوين - بغنة","","ٌ و"
43,88,"إدغام النون الساكنة والتنوين - بدون غنة","","ٌ ل"
44,6,"إدغام النون الساكنة والتنوين - بغنة","","ً م"
44,11,"المد العارض للسكون","","أَلِيمٌ"
44,13,"إدغام النون الساكنة والتنوين - بغنة","","ٌ م"
44,13,"المد العارض للسكون","","مُّبِينٌ"
44,14,"إدغام النون الساكنة والتنوين - بغنة","","ٌ م"
44,17,"إخفاء النون الساكنة والتنوين","","ٌ ك"
44,18,"المد العارض للسكون","","أَمِينٌ"
44,22,"إدغام النون الساكنة والتنوين - بغنة","","ٌ م"
44,24,"إدغام النون الساكنة والتنوين - بغنة","","ٌ م"
45,4,"إدغام النون الساكنة والتنوين - بدون غنة","","ٌ ل"
45,5,"إدغام النون الساكنة والتنوين - بدون غنة","","ٌ ل"
45,6,"إقلاب النون الساكنة والتنوين","","ٍ ب"
45,7,"إدغام النون الساكنة والتنوين - بدون غنة","","ٌ ل"
45,9,"إدغام النون الساكنة والتنوين - بغنة","","ٌ م"
45,9,"المد العارض للسكون","","مُّهِينٌ"
45,11,"إدغام النون الساكنة والتنوين - بغنة","","ٌ م"
45,19,"مد العوض","","ًٔا"
45,20,"إدغام النون الساكنة والتنوين - بدون غنة","","ٌ ل"
45,21,"إدغام النون الساكنة والتنوين - بغنة","","ً م"
45,22,"إقلاب النون الساكنة والتنوين","","ٍ ب"
45,23,"إخفاء النون الساكنة والتنوين","","ً ف"
45,32,"إدغام النون الساكنة والتنوين - بغنة","","ٌ و"
46,4,"إخفاء النون الساكنة والتنوين","","ٌ ف"
46,6,"إدغام النون الساكنة والتنوين - بغنة","","ً و"
46,7,"إدغام النون الساكنة والتنوين - بغنة","","ٌ م"
46,9,"إدغام النون الساكنة والتنوين - بغنة","","ٌ م"
46,9,"المد العارض للسكون","","مُّبِينٌ"
46,10,"إدغام النون الساكنة والتنوين - بغنة","","ٌ م"
46,11,"إخفاء النون الساكنة والتنوين","","ٌ ق"
46,11,"المد العارض للسكون","","قَدِيمٌ"
46,12,"إدغام النون الساكنة والتنوين - بدون غنة","","ٌ ل"
46,12,"إدغام النون الساكنة والتنوين - بغنة","","ٌ م"
46,15,"إخفاء النون الساكنة والتنوين","","ً ق"
46,15,"مد العوض","","هًا"
46,17,"إخفاء النون الساكنة والتنوين","","ٌ ف"
46,19,"إدغام النون الساكنة والتنوين - بغنة","","ٌ م"
46,24,"إخفاء النون الساكنة والتنوين","","ٌ ف"
46,24,"إدغام النون الساكنة والتنوين - بغنة","","ٌ م"
46,24,"المد العارض للسكون","","أَلِيمٌ"
46,25,"إقلاب النون الساكنة والتنوين","","ٍ ب"
46,26,"إخفاء النون الساكنة والتنوين","","ً ف"
46,33,"المد العارض للسكون","","قَدِيرٌ"
46,35,"إدغام النون الساكنة والتنوين - بغنة","","ً م"
46,35,"المد العارض للسكون","","نَّهَارٍ ۚ"
47,13,"إدغام النون الساكنة والتنوين - بغنة","","ً م"
47,15,"إخفاء النون الساكنة والتنوين","","ٌ ف"
47,15,"إدغام النون الساكنة والتنوين - بغنة","","ٌ م"
47,15,"إدغام النون الساكنة والتنوين - بغنة","","ٌ م"
47,15,"إدغام النون الساكنة والتنوين - بغنة","","ٌ م"
47,15,"إدغام النون الساكنة والتنوين - بغنة","","ٌ م"
47,15,"إدغام النون الساكنة والتنوين - بغنة","","ٌ م"
47,20,"إدغام النون الساكنة والتنوين - بغنة","","ٌ م"
47,20,"إدغام النون الساكنة والتنوين - بغنة","","ٌ و"
47,20,"إدغام النون الساكنة والتنوين - بغنة","","ٌ ي"
47,21,"إدغام النون الساكنة والتنوين - بغنة","","ٌ و"
47,21,"إدغام النون الساكنة والتنوين - بغنة","","ٌ م"
47,21,"المد العارض للسكون","","مَّعْرُوفٌ ۚ"
47,34,"إخفاء النون الساكنة والتنوين","","ٌ ف"
47,36,"إدغام النون الساكنة والتنوين - بغنة","","ٌ و"
48,1,"مد العوض","","نًا"
48,2,"مد العوض","","مًا"
48,4,"مد العوض","","مًا"
48,5,"مد العوض","","مًا"
48,6,"مد العوض","","رًا"
48,8,"مد العوض","","رًا"
48,9,"إدغام النون الساكنة والتنوين - بغنة","","ً و"
48,10,"مد العوض","","مًا"
48,12,"مد العوض","","رًا"
48,13,"مد العوض","","رًا"
48,14,"مد العوض","","مًا"
48,15,"مد العوض","","لًا"
48,16,"مد العوض","","نًا"
48,16,"مد العوض","","مًا"
48,17,"إدغام النون الساكنة والتنوين - بغنة","","ٌ و"
48,17,"إدغام النون الساكنة والتنوين - بغنة","","ٌ و"
48,17,"مد العوض","","مًا"
48,18,"مد العوض","","بًا"
48,19,"إدغام النون الساكنة والتنوين - بغنة","","ً ي"
48,19,"مد العوض","","مًا"
48,20,"إخفاء النون الساكنة والتنوين","","ً ت"
48,20,"إدغام النون الساكنة والتنوين - بدون غنة","","ً ل"
48,20,"مد العوض","","مًا"
48,21,"مد العوض","","رًا"
48,22,"مد العوض","","رًا"
48,23,"مد العوض","","لًا"
48,25,"إدغام النون الساكنة والتنوين - بدون غنة","","ٌ ل"
48,25,"إدغام النون الساكنة والتنوين - بغنة","","ٌ م"
48,25,"إدغام النون الساكنة والتنوين - بغنة","","ٌ م"
48,26,"مد العوض","","مًا"
48,28,"مد العوض","","دًا"
48,29,"إدغام النون الساكنة والتنوين - بدون غنة","","ٌ ر"
48,29,"إدغام النون الساكنة والتنوين - بغنة","","ً و"
48,29,"مد العوض","","نًا"
49,1,"المد العارض للسكون","","عَلِيمٌ"
49,3,"إدغام النون الساكنة والتنوين - بغنة","","ٌ و"
49,5,"إدغام النون الساكنة والتنوين - بدون غنة","","ٌ ر"
49,5,"المد العارض للسكون","","رَّحِيمٌ"
49,8,"المد العارض للسكون","","حَكِيمٌ"
49,10,"إخفاء النون الساكنة والتنوين","","ٌ ف"
49,11,"إدغام النون الساكنة والتنوين - بغنة","","ٌ م"
49,11,"إدغام النون الساكنة والتنوين - بغنة","","ٌ م"
49,12,"إدغام النون الساكنة والتنوين - بدون غنة","","ٌ ر"
49,12,"المد العارض للسكون","","رَّحِيمٌ"
49,13,"المد العارض للسكون","","خَبِيرٌ"
49,14,"إدغام النون الساكنة والتنوين - بدون غنة","","ٌ ر"
49,16,"المد العارض للسكون","","عَلِيمٌ"
50,2,"إدغام النون الساكنة والتنوين - بغنة","","ٌ م"
50,3,"المد العارض للسكون","","بَعِيدٌ"
50,3,"مد العوض","","بًا"
50,7,"إقلاب النون الساكنة والتنوين","","ٍ ب"
50,8,"إدغام النون الساكنة والتنوين - بغنة","","ً و"
50,9,"إدغام النون الساكنة والتنوين - بغنة","","ً م"
50,10,"إدغام النون الساكنة والتنوين - بغنة","","ٌ ن"
50,10,"المد العارض للسكون","","نَّضِيدٌ"
50,11,"إدغام النون الساكنة والتنوين - بغنة","","ً م"
50,11,"مد العوض","","تًا"
50,13,"إدغام النون الساكنة والتنوين - بغنة","","ٌ و"
50,14,"إخفاء النون الساكنة والتنوين","","ٌ ك"
50,17,"المد العارض للسكون","","قَعِيدٌ"
50,18,"المد العارض للسكون","","عَتِيدٌ"
50,21,"إدغام النون الساكنة والتنوين - بغنة","","ٌ و"
50,21,"المد العارض للسكون","","وَشَهِيدٌ"
50,22,"المد العارض للسكون","","حَدِيدٌ"
50,27,"إقلاب النون الساكنة والتنوين","","ٍ ب"
50,35,"المد العارض للسكون","","مَزِيدٌ"
50,37,"المد العارض للسكون","","شَهِيدٌ"
50,44,"المد العارض للسكون","","يَسِيرٌ"
50,44,"مد العوض","","عًا"
51,1,"مد العوض","","وًا"
51,2,"مد العوض","","رًا"
51,3,"مد العوض","","رًا"
51,19,"إدغام النون الساكنة والتنوين - بدون غنة","","ٌ ل"
51,20,"إدغام النون الساكنة والتنوين - بدون غنة","","ٌ ل"
51,23,"إدغام النون الساكنة والتنوين - بغنة","","ٌ م"
51,25,"إخفاء النون الساكنة والتنوين","","ٌ ق"
51,25,"إدغام النون الساكنة والتنوين - بغنة","","ٌ م"
51,25,"مد العوض","","مًا"
51,29,"المد العارض للسكون","","عَقِيمٌ"
51,33,"إدغام النون الساكنة والتنوين - بغنة","","ً م"
51,37,"إدغام النون الساكنة والتنوين - بدون غنة","","ً ل"
51,39,"المد العارض للسكون","","مَجْنُونٌ"
51,40,"المد العارض للسكون","","مُلِيمٌ"
51,50,"إدغام النون الساكنة والتنوين - بغنة","","ٌ م"
51,50,"المد العارض للسكون","","مُّبِينٌ"
51,51,"إدغام النون الساكنة والتنوين - بغنة","","ٌ م"
51,51,"المد العارض للسكون","","مُّبِينٌ"
51,53,"إخفاء النون الساكنة والتنوين","","ٌ ط"
51,60,"إدغام النون الساكنة والتنوين - بدون غنة","","ٌ ل"
52,9,"مد العوض","","رًا"
52,10,"مد العوض","","رًا"
52,11,"إدغام النون الساكنة والتنوين - بغنة","","ٌ ي"
52,21,"إقلاب النون الساكنة والتنوين","","ٍ ب"
52,21,"المد العارض للسكون","","رَهِينٌ"
52,23,"إخفاء النون الساكنة والتنوين","","ٌ ف"
52,23,"المد العارض للسكون","","تَأْثِيمٌ"
52,24,"إدغام النون الساكنة والتنوين - بدون غنة","","ٌ ل"
52,24,"إدغام النون الساكنة والتنوين - بغنة","","ٌ م"
52,24,"المد العارض للسكون","","مَّكْنُونٌ"
52,30,"إدغام النون الساكنة والتنوين - بغنة","","ٌ ن"
52,32,"إخفاء النون الساكنة والتنوين","","ٌ ط"
52,38,"إدغام النون الساكنة والتنوين - بغنة","","ٌ ي"
52,42,"مد العوض","","دًا"
52,44,"إدغام النون الساكنة والتنوين - بغنة","","ٌ م"
52,44,"المد العارض للسكون","","مَّرْكُومٌ"
53,4,"إدغام النون الساكنة والتنوين - بغنة","","ٌ ي"
53,22,"إخفاء النون الساكنة والتنوين","","ٌ ض"
53,23,"إخفاء النون الساكنة والتنوين","","ٌ س"
53,28,"مد العوض","","ًٔا"
53,32,"إخفاء النون الساكنة والتنوين","","ٌ ف"
53,38,"إدغام النون الساكنة والتنوين - بغنة","","ٌ و"
53,56,"إدغام النون الساكنة والتنوين - بغنة","","ٌ م"
54,2,"إدغام النون الساكنة والتنوين - بغنة","","ً ي"
54,2,"إدغام النون الساكنة والتنوين - بغنة","","ٌ م"
54,7,"إدغام النون الساكنة والتنوين - بغنة","","ٌ م"
54,9,"إدغام النون الساكنة والتنوين - بغنة","","ٌ و"
54,10,"إخفاء النون الساكنة والتنوين","","ٌ ف"
54,14,"إدغام النون الساكنة والتنوين - بدون غنة","","ً ل"
54,15,"إخفاء النون الساكنة والتنوين","","ً ف"
54,18,"إخفاء النون الساكنة والتنوين","","ٌ ف"
54,27,"إدغام النون الساكنة والتنوين - بدون غنة","","ً ل"
54,31,"إخفاء النون الساكنة والتنوين","","ً ف"
54,31,"إدغام النون الساكنة والتنوين - بغنة","","ً و"
54,33,"إقلاب النون الساكنة والتنوين","","ٍ ب"
54,35,"إدغام النون الساكنة والتنوين - بغنة","","ً م"
54,38,"إدغام النون الساكنة والتنوين - بغنة","","ٌ م"
54,43,"إخفاء النون الساكنة والتنوين","","ٌ ف"
54,43,"إدغام النون الساكنة والتنوين - بغنة","","ٌ م"
54,44,"إدغام النون الساكنة والتنوين - بغنة","","ٌ م"
54,50,"إخفاء النون الساكنة والتنوين","","ٌ ك"
54,50,"إقلاب النون الساكنة والتنوين","","ٍ ب"
55,11,"إدغام النون الساكنة والتنوين - بغنة","","ٌ و"
55,20,"إدغام النون الساكنة والتنوين - بدون غنة","","ٌ ل"
55,35,"إخفاء النون الساكنة والتنوين","","ٌ ف"
55,35,"إدغام النون الساكنة والتنوين - بغنة","","ٌ م"
55,37,"إخفاء النون الساكنة والتنوين","","ً ك"
55,39,"إدغام النون الساكنة والتنوين - بغنة","","ٌ و"
55,54,"إقلاب النون الساكنة والتنوين","","ٍ ب"
55,56,"إخفاء النون الساكنة والتنوين","","ٌ ق"
55,68,"إدغام النون الساكنة والتنوين - بغنة","","ٌ و"
55,68,"إدغام النون الساكنة والتنوين - بغنة","","ٌ و"
55,68,"المد العارض للسكون","","وَرُمَّانٌ"
55,70,"المد العارض للسكون","","حِسَانٌ"
55,72,"إخفاء النون الساكنة والتنوين","","ٌ ف"
55,72,"إدغام النون الساكنة والتنوين - بغنة","","ٌ م"
55,74,"إخفاء النون الساكنة والتنوين","","ٌ ق"
56,3,"إدغام النون الساكنة والتنوين - بدون غنة","","ٌ ر"
56,4,"مد العوض","","ًّا"
56,5,"مد العوض","","ًّا"
56,6,"إدغام النون الساكنة والتنوين - بغنة","","ً م"
56,6,"مد العوض","","ًّا"
56,13,"إدغام النون الساكنة والتنوين - بغنة","","ٌ م"
56,14,"إدغام النون الساكنة والتنوين - بغنة","","ٌ م"
56,17,"إدغام النون الساكنة والتنوين - بغنة","","ٌ م"
56,22,"المد العارض للسكون","","عِينٌ"
56,26,"مد العوض","","مًا"
56,37,"مد العوض","","بًا"
56,39,"إدغام النون الساكنة والتنوين - بغنة","","ٌ م"
56,40,"إدغام النون الساكنة والتنوين - بغنة","","ٌ م"
56,73,"إدغام النون الساكنة والتنوين - بغنة","","ً و"
56,76,"إدغام النون الساكنة والتنوين - بدون غنة","","ٌ ل"
56,77,"إخفاء النون الساكنة والتنوين","","ٌ ك"
56,77,"المد العارض للسكون","","كَرِيمٌ"
56,80,"إدغام النون الساكنة والتنوين - بغنة","","ٌ م"
56,89,"إدغام النون الساكنة والتنوين - بغنة","","ٌ و"
56,89,"إدغام النون الساكنة والتنوين - بغنة","","ٌ و"
56,91,"إدغام النون الساكنة والتنوين - بدون غنة","","ٌ ل"
56,93,"إدغام النون الساكنة والتنوين - بغنة","","ٌ م"
57,4,"المد العارض للسكون","","بَصِيرٌ"
57,7,"إخفاء النون الساكنة والتنوين","","ٌ ك"
57,7,"المد العارض للسكون","","كَبِيرٌ"
57,9,"إدغام النون الساكنة والتنوين - بدون غنة","","ٌ ر"
57,9,"إقلاب النون الساكنة والتنوين","","ٍ ب"
57,9,"المد العارض للسكون","","رَّحِيمٌ"
57,10,"إدغام النون الساكنة والتنوين - بغنة","","ً م"
57,10,"المد العارض للسكون","","خَبِيرٌ"
57,11,"إخفاء النون الساكنة والتنوين","","ٌ ك"
57,11,"المد العارض للسكون","","كَرِيمٌ"
57,12,"إخفاء النون الساكنة والتنوين","","ٌ ت"
57,15,"إدغام النون الساكنة والتنوين - بغنة","","ٌ و"
57,16,"إدغام النون الساكنة والتنوين - بغنة","","ٌ م"
57,18,"إخفاء النون الساكنة والتنوين","","ٌ ك"
57,18,"المد العارض للسكون","","كَرِيمٌ"
57,20,"إخفاء النون الساكنة والتنوين","","ٌ ف"
57,20,"إخفاء النون الساكنة والتنوين","","ٌ ش"
57,20,"إدغام النون الساكنة والتنوين - بغنة","","ٌ و"
57,20,"إدغام النون الساكنة والتنوين - بغنة","","ٌ و"
57,20,"إدغام النون الساكنة والتنوين - بغنة","","ٌ و"
57,20,"إدغام النون الساكنة والتنوين - بغنة","","ٌ و"
57,20,"إدغام النون الساكنة والتنوين - بغنة","","ٌ م"
57,20,"مد العوض","","مًا"
57,22,"المد العارض للسكون","","يَسِيرٌ"
57,25,"إخفاء النون الساكنة والتنوين","","ٌ ش"
57,25,"إدغام النون الساكنة والتنوين - بغنة","","ٌ و"
57,25,"المد العارض للسكون","","عَزِيزٌ"
57,26,"إدغام النون الساكنة والتنوين - بغنة","","ٌ م"
57,27,"إدغام النون الساكنة والتنوين - بغنة","","ً و"
57,27,"إدغام النون الساكنة والتنوين - بغنة","","ً و"
57,27,"إدغام النون الساكنة والتنوين - بغنة","","ٌ م"
57,28,"إدغام النون الساكنة والتنوين - بدون غنة","","ٌ ر"
57,28,"المد العارض للسكون","","رَّحِيمٌ"
58,2,"المد العارض للسكون","","غَفُورٌ"
58,2,"مد العوض","","رًا"
58,3,"المد العارض للسكون","","خَبِيرٌ"
58,4,"مد العوض","","نًا"
58,5,"إدغام النون الساكنة والتنوين - بغنة","","ٌ م"
58,5,"إقلاب النون الساكنة والتنوين","","ٍ ب"
58,5,"المد العارض للسكون","","مُّهِينٌ"
58,11,"المد العارض للسكون","","خَبِيرٌ"
58,12,"إدغام النون الساكنة والتنوين - بدون غنة","","ٌ ل"
58,12,"إدغام النون الساكنة والتنوين - بدون غنة","","ٌ ر"
58,16,"إخفاء النون الساكنة والتنوين","","ً ف"
58,16,"إدغام النون الساكنة والتنوين - بغنة","","ٌ م"
58,16,"المد العارض للسكون","","مُّهِينٌ"
58,21,"المد العارض للسكون","","عَزِيزٌ"
59,6,"المد العارض للسكون","","قَدِيرٌ"
59,9,"إدغام النون الساكنة والتنوين - بغنة","","ً م"
59,10,"إدغام النون الساكنة والتنوين - بدون غنة","","ٌ ر"
59,13,"إخفاء النون الساكنة والتنوين","","ً ف"
59,13,"إدغام النون الساكنة والتنوين - بدون غنة","","ٌ ل"
59,14,"إدغام النون الساكنة والتنوين - بدون غنة","","ٌ ل"
59,14,"المد العارض للسكون","","شَدِيدٌ ۚ"
59,15,"المد العارض للسكون","","أَلِيمٌ"
59,15,"مد العوض","","بًا"
59,16,"إدغام النون الساكنة والتنوين - بغنة","","ٌ م"
59,18,"إدغام النون الساكنة والتنوين - بغنة","","ٌ م"
60,2,"إدغام النون الساكنة والتنوين - بغنة","","ً و"
60,3,"المد العارض للسكون","","بَصِيرٌ"
60,4,"إخفاء النون الساكنة والتنوين","","ٌ ف"
60,5,"إدغام النون الساكنة والتنوين - بدون غنة","","ً ل"
60,6,"إدغام النون الساكنة والتنوين - بدون غنة","","ٌ ل"
60,7,"إدغام النون الساكنة والتنوين - بدون غنة","","ٌ ر"
60,7,"المد العارض للسكون","","قَدِيرٌ ۚ"
60,7,"المد العارض للسكون","","رَّحِيمٌ"
60,10,"إدغام النون الساكنة والتنوين - بدون غنة","","ٌ ل"
60,10,"المد العارض للسكون","","حَكِيمٌ"
60,11,"إدغام النون الساكنة والتنوين - بغنة","","ٌ م"
60,12,"إدغام النون الساكنة والتنوين - بدون غنة","","ٌ ر"
60,12,"المد العارض للسكون","","رَّحِيمٌ"
61,4,"إدغام النون الساكنة والتنوين - بغنة","","ٌ م"
61,4,"المد العارض للسكون","","مَّرْصُوصٌ"
61,6,"إدغام النون الساكنة والتنوين - بغنة","","ٌ م"
61,6,"المد العارض للسكون","","مُّبِينٌ"
61,11,"إدغام النون الساكنة والتنوين - بدون غنة","","ٌ ل"
61,12,"إخفاء النون الساكنة والتنوين","","ً ف"
61,13,"إخفاء النون الساكنة والتنوين","","ٌ ق"
61,13,"إدغام النون الساكنة والتنوين - بغنة","","ٌ م"
61,13,"المد العارض للسكون","","قَرِيبٌ ۗ"
61,14,"إدغام النون الساكنة والتنوين - بغنة","","ٌ م"
62,9,"إدغام النون الساكنة والتنوين - بدون غنة","","ٌ ل"
62,11,"إدغام النون الساكنة والتنوين - بغنة","","ٌ م"
62,11,"مد العوض","","مًا"
63,2,"إخفاء النون الساكنة والتنوين","","ً ف"
63,4,"إدغام النون الساكنة والتنوين - بغنة","","ٌ م"
64,2,"إدغام النون الساكنة والتنوين - بغنة","","ٌ و"
64,5,"المد العارض للسكون","","أَلِيمٌ"
64,6,"إدغام النون الساكنة والتنوين - بغنة","","ٌ ي"
64,6,"المد العارض للسكون","","حَمِيدٌ"
64,7,"المد العارض للسكون","","يَسِيرٌ"
64,8,"المد العارض للسكون","","خَبِيرٌ"
64,9,"مد العوض","","دًا"
64,11,"المد العارض للسكون","","عَلِيمٌ"
64,14,"إدغام النون الساكنة والتنوين - بدون غنة","","ٌ ر"
64,15,"المد العارض للسكون","","عَظِيمٌ"
65,1,"مد العوض","","رًا"
65,2,"مد العوض","","جًا"
65,3,"مد العوض","","رًا"
65,4,"مد العوض","","رًا"
65,7,"مد العوض","","رًا"
65,8,"مد العوض","","رًا"
65,10,"مد العوض","","دًا"
65,10,"مد العوض","","رًا"
65,11,"مد العوض","","دًا"
65,12,"إدغام النون الساكنة والتنوين - بغنة","","ٌ و"
66,1,"إدغام النون الساكنة والتنوين - بدون غنة","","ٌ ر"
66,1,"المد العارض للسكون","","رَّحِيمٌ"
66,5,"مد العوض","","رًا"
66,6,"إخفاء النون الساكنة والتنوين","","ٌ ش"
66,6,"إدغام النون الساكنة والتنوين - بدون غنة","","ٌ ل"
66,8,"إدغام النون الساكنة والتنوين - بغنة","","ً ن"
66,8,"المد العارض للسكون","","قَدِيرٌ"
67,2,"مد العوض","","لًا"
67,3,"مد العوض","","قًا"
67,4,"المد العارض للسكون","","حَسِيرٌ"
67,8,"إخفاء النون الساكنة والتنوين","","ٌ س"
67,8,"المد العارض للسكون","","نَذِيرٌ"
67,9,"إخفاء النون الساكنة والتنوين","","ٌ ف"
67,12,"إخفاء النون الساكنة والتنوين","","ٌ ك"
67,12,"إدغام النون الساكنة والتنوين - بغنة","","ٌ و"
67,12,"المد العارض للسكون","","كَبِيرٌ"
67,17,"مد العوض","","بًا"
67,19,"إقلاب النون الساكنة والتنوين","","ٍ ب"
67,20,"إدغام النون الساكنة والتنوين - بدون غنة","","ٌ ل"
67,26,"إدغام النون الساكنة والتنوين - بغنة","","ٌ م"
67,26,"المد العارض للسكون","","مُّبِينٌ"
67,27,"إخفاء النون الساكنة والتنوين","","ً س"
67,30,"المد العارض للسكون","","مَّعِينٍ"
68,11,"إقلاب النون الساكنة والتنوين","","ٍ ب"
68,13,"إقلاب النون الساكنة والتنوين","","ٍ ب"
68,19,"إدغام النون الساكنة والتنوين - بغنة","","ٌ م"
68,24,"المد العارض للسكون","","مِّسْكِينٌ"
68,37,"إخفاء النون الساكنة والتنوين","","ٌ ف"
68,48,"المد العارض للسكون","","مَكْظُومٌ"
68,49,"إدغام النون الساكنة والتنوين - بغنة","","ٌ م"
68,49,"المد العارض للسكون","","مَذْمُومٌ"
68,51,"المد العارض للسكون","","لَمَجْنُونٌ"
68,52,"إدغام النون الساكنة والتنوين - بدون غنة","","ٌ ل"
69,6,"إخفاء النون الساكنة والتنوين","","ٌ ف"
69,10,"إدغام النون الساكنة والتنوين - بدون غنة","","ً ر"
69,12,"إدغام النون الساكنة والتنوين - بغنة","","ً و"
69,12,"إدغام النون الساكنة والتنوين - بغنة","","ٌ و"
69,13,"إدغام النون الساكنة والتنوين - بغنة","","ٌ و"
69,14,"إدغام النون الساكنة والتنوين - بغنة","","ً و"
69,35,"المد العارض للسكون","","حَمِيمٌ"
69,43,"إدغام النون الساكنة والتنوين - بغنة","","ٌ م"
69,48,"إدغام النون الساكنة والتنوين - بدون غنة","","ٌ ل"
70,6,"مد العوض","","دًا"
70,7,"مد العوض","","بًا"
70,10,"مد العوض","","مًا"
70,11,"إقلاب النون الساكنة والتنوين","","ٍ ب"
70,16,"إدغام النون الساكنة والتنوين - بدون غنة","","ً ل"
70,20,"مد العوض","","عًا"
70,24,"إدغام النون الساكنة والتنوين - بغنة","","ٌ م"
70,24,"المد العارض للسكون","","مَّعْلُومٌ"
71,1,"المد العارض للسكون","","أَلِيمٌ"
71,2,"إدغام النون الساكنة والتنوين - بغنة","","ٌ م"
71,5,"مد العوض","","رًا"
71,6,"مد العوض","","رًا"
71,7,"مد العوض","","رًا"
71,8,"مد العوض","","رًا"
71,9,"مد العوض","","رًا"
71,10,"مد العوض","","رًا"
71,11,"مد العوض","","رًا"
71,12,"مد العوض","","رًا"
71,13,"مد العوض","","رًا"
71,15,"مد العوض","","قًا"
71,16,"مد العوض","","جًا"
71,17,"مد العوض","","تًا"
71,18,"مد العوض","","جًا"
71,19,"مد العوض","","طًا"
71,20,"مد العوض","","جًا"
71,21,"إدغام النون الساكنة والتنوين - بدون غنة","","ٌ ر"
71,21,"مد العوض","","رًا"
71,22,"مد العوض","","رًا"
71,23,"مد العوض","","رًا"
71,24,"مد العوض","","رًا"
71,24,"مد العوض","","لًا"
71,25,"مد العوض","","رًا"
71,26,"إدغام النون الساكنة والتنوين - بدون غنة","","ٌ ر"
71,27,"مد العوض","","رًا"
72,1,"إدغام النون الساكنة والتنوين - بغنة","","ٌ م"
72,1,"مد العوض","","بًا"
72,2,"مد العوض","","دًا"
72,3,"إدغام النون الساكنة والتنوين - بغنة","","ً و"
72,3,"مد العوض","","دًا"
72,4,"مد العوض","","طًا"
72,5,"مد العوض","","بًا"
72,6,"إدغام النون الساكنة والتنوين - بغنة","","ٌ م"
72,6,"مد العوض","","قًا"
72,7,"مد العوض","","دًا"
72,8,"مد العوض","","بًا"
72,9,"مد العوض","","دًا"
72,10,"مد العوض","","دًا"
72,11,"مد العوض","","دًا"
72,12,"مد العوض","","بًا"
72,13,"مد العوض","","قًا"
72,14,"مد العوض","","دًا"
72,15,"مد العوض","","بًا"
72,16,"مد العوض","","قًا"
72,17,"مد العوض","","دًا"
72,18,"مد العوض","","دًا"
72,19,"مد العوض","","دًا"
72,20,"مد العوض","","دًا"
72,21,"مد العوض","","دًا"
72,22,"إدغام النون الساكنة والتنوين - بغنة","","ٌ و"
72,24,"مد العوض","","دًا"
72,25,"إدغام النون الساكنة والتنوين - بغنة","","ٌ م"
72,27,"مد العوض","","دًا"
73,2,"مد العوض","","لًا"
73,7,"مد العوض","","لًا"
73,8,"مد العوض","","لًا"
73,9,"مد العوض","","لًا"
73,10,"مد العوض","","لًا"
73,12,"مد العوض","","مًا"
73,13,"مد العوض","","مًا"
73,15,"مد العوض","","لًا"
73,16,"مد العوض","","لًا"
73,20,"إدغام النون الساكنة والتنوين - بدون غنة","","ٌ ر"
73,20,"إدغام النون الساكنة والتنوين - بغنة","","ٌ م"
73,20,"مد العوض","","نًا"
73,20,"مد العوض","","رًا"
74,11,"مد العوض","","دًا"
74,12,"مد العوض","","دًا"
74,13,"مد العوض","","دًا"
74,14,"مد العوض","","دًا"
74,16,"مد العوض","","دًا"
74,24,"إدغام النون الساكنة والتنوين - بغنة","","ٌ ي"
74,29,"إدغام النون الساكنة والتنوين - بدون غنة","","ٌ ل"
74,31,"إدغام النون الساكنة والتنوين - بدون غنة","","ً ل"
74,31,"إدغام النون الساكنة والتنوين - بغنة","","ٌ و"
74,31,"مد العوض","","نًا"
74,31,"مد العوض","","لًا"
74,38,"إقلاب النون الساكنة والتنوين","","ٍ ب"
74,50,"إدغام النون الساكنة والتنوين - بغنة","","ٌ م"
75,13,"إقلاب النون الساكنة والتنوين","","ٍ ب"
75,22,"إدغام النون الساكنة والتنوين - بغنة","","ٌ ي"
75,24,"إدغام النون الساكنة والتنوين - بغنة","","ٌ ي"
75,24,"إقلاب النون الساكنة والتنوين","","ٍ ب"
75,37,"إدغام النون الساكنة والتنوين - بغنة","","ً م"
75,38,"إخفاء النون الساكنة والتنوين","","ً ف"
76,1,"إدغام النون الساكنة والتنوين - بغنة","","ٌ م"
76,6,"مد العوض","","رًا"
76,7,"مد العوض","","رًا"
76,9,"إدغام النون الساكنة والتنوين - بغنة","","ً و"
76,10,"مد العوض","","رًا"
76,11,"إدغام النون الساكنة والتنوين - بغنة","","ً و"
76,11,"مد العوض","","رًا"
76,12,"إدغام النون الساكنة والتنوين - بغنة","","ً و"
76,12,"مد العوض","","رًا"
76,13,"مد العوض","","رًا"
76,14,"مد العوض","","لًا"
76,16,"مد العوض","","رًا"
76,18,"مد العوض","","لًا"
76,19,"إدغام النون الساكنة والتنوين - بغنة","","ٌ م"
76,19,"مد العوض","","رًا"
76,21,"إدغام النون الساكنة والتنوين - بغنة","","ٌ و"
76,22,"إدغام النون الساكنة والتنوين - بغنة","","ً و"
76,23,"مد العوض","","لًا"
76,24,"مد العوض","","رًا"
76,25,"إدغام النون الساكنة والتنوين - بغنة","","ً و"
76,25,"مد العوض","","لًا"
76,27,"مد العوض","","لًا"
76,29,"مد العوض","","لًا"
76,30,"مد العوض","","مًا"
77,1,"مد العوض","","فًا"
77,2,"مد العوض","","فًا"
77,3,"مد العوض","","رًا"
77,4,"مد العوض","","قًا"
77,15,"إدغام النون الساكنة والتنوين - بغنة","","ٌ ي"
77,19,"إدغام النون الساكنة والتنوين - بغنة","","ٌ ي"
77,24,"إدغام النون الساكنة والتنوين - بغنة","","ٌ ي"
77,26,"إدغام النون الساكنة والتنوين - بغنة","","ً و"
77,26,"مد العوض","","تًا"
77,27,"إخفاء النون الساكنة والتنوين","","ً ف"
77,27,"مد العوض","","تًا"
77,28,"إدغام النون الساكنة والتنوين - بغنة","","ٌ ي"
77,33,"إخفاء النون الساكنة والتنوين","","ٌ ص"
77,34,"إدغام النون الساكنة والتنوين - بغنة","","ٌ ي"
77,37,"إدغام النون الساكنة والتنوين - بغنة","","ٌ ي"
77,39,"إخفاء النون الساكنة والتنوين","","ٌ ف"
77,40,"إدغام النون الساكنة والتنوين - بغنة","","ٌ ي"
77,45,"إدغام النون الساكنة والتنوين - بغنة","","ٌ ي"
77,47,"إدغام النون الساكنة والتنوين - بغنة","","ٌ ي"
77,49,"إدغام النون الساكنة والتنوين - بغنة","","ٌ ي"
77,50,"إقلاب النون الساكنة والتنوين","","ٍ ب"
78,6,"مد العوض","","دًا"
78,7,"مد العوض","","دًا"
78,8,"مد العوض","","جًا"
78,9,"مد العوض","","تًا"
78,10,"مد العوض","","سًا"
78,11,"مد العوض","","شًا"
78,12,"مد العوض","","دًا"
78,13,"مد العوض","","جًا"
78,14,"إخفاء النون الساكنة والتنوين","","ً ث"
78,14,"مد العوض","","جًا"
78,15,"مد العوض","","تًا"
78,17,"مد العوض","","تًا"
78,18,"مد العوض","","جًا"
78,19,"مد العوض","","بًا"
78,21,"مد العوض","","دًا"
78,22,"مد العوض","","بًا"
78,23,"مد العوض","","بًا"
78,25,"مد العوض","","قًا"
78,26,"إدغام النون الساكنة والتنوين - بغنة","","ً و"
78,27,"مد العوض","","بًا"
78,28,"مد العوض","","بًا"
78,29,"مد العوض","","بًا"
78,32,"مد العوض","","بًا"
78,33,"مد العوض","","بًا"
78,34,"مد العوض","","قًا"
78,35,"مد العوض","","بًا"
78,36,"إدغام النون الساكنة والتنوين - بغنة","","ً م"
78,36,"مد العوض","","بًا"
78,37,"مد العوض","","بًا"
78,38,"مد العوض","","ًّا"
78,38,"مد العوض","","بًا"
79,1,"مد العوض","","قًا"
79,2,"مد العوض","","طًا"
79,3,"مد العوض","","حًا"
79,4,"مد العوض","","قًا"
79,5,"مد العوض","","رًا"
79,8,"إدغام النون الساكنة والتنوين - بغنة","","ٌ ي"
79,13,"إدغام النون الساكنة والتنوين - بغنة","","ٌ و"
79,26,"إدغام النون الساكنة والتنوين - بدون غنة","","ً ل"
80,16,"إقلاب النون الساكنة والتنوين","","ٍ ب"
80,25,"مد العوض","","ًّا"
80,26,"مد العوض","","ًّا"
80,27,"مد العوض","","ًّا"
80,28,"مد العوض","","بًا"
80,29,"مد العوض","","لًا"
80,30,"مد العوض","","بًا"
80,31,"إدغام النون الساكنة والتنوين - بغنة","","ً و"
80,31,"مد العوض","","ًّا"
80,37,"إدغام النون الساكنة والتنوين - بغنة","","ٌ ي"
80,38,"إدغام النون الساكنة والتنوين - بغنة","","ٌ ي"
80,39,"إدغام النون الساكنة والتنوين - بغنة","","ٌ م"
80,40,"إدغام النون الساكنة والتنوين - بغنة","","ٌ ي"
81,14,"إدغام النون الساكنة والتنوين - بغنة","","ٌ م"
81,27,"إدغام النون الساكنة والتنوين - بدون غنة","","ٌ ل"
82,5,"إدغام النون الساكنة والتنوين - بغنة","","ٌ م"
82,19,"إدغام النون الساكنة والتنوين - بدون غنة","","ٌ ل"
82,19,"مد العوض","","ًٔا"
83,1,"إدغام النون الساكنة والتنوين - بدون غنة","","ٌ ل"
83,8,"المد العارض للسكون","","سِجِّينٌ"
83,9,"إدغام النون الساكنة والتنوين - بغنة","","ٌ م"
83,9,"المد العارض للسكون","","مَّرْقُومٌ"
83,10,"إدغام النون الساكنة والتنوين - بغنة","","ٌ ي"
83,20,"إدغام النون الساكنة والتنوين - بغنة","","ٌ م"
83,20,"المد العارض للسكون","","مَّرْقُومٌ"
84,8,"مد العوض","","رًا"
84,9,"مد العوض","","رًا"
84,11,"مد العوض","","رًا"
84,15,"مد العوض","","رًا"
84,25,"المد العارض للسكون","","مَمْنُونٍ"
85,6,"المد العارض للسكون","","قُعُودٌ"
85,7,"المد العارض للسكون","","شُهُودٌ"
85,11,"إخفاء النون الساكنة والتنوين","","ٌ ت"
85,16,"إدغام النون الساكنة والتنوين - بدون غنة","","ٌ ل"
85,21,"إدغام النون الساكنة والتنوين - بغنة","","ٌ م"
85,21,"المد العارض للسكون","","مَّجِيدٌ"
85,22,"المد العارض للسكون","","مَّحْفُوظٍ"
86,13,"إخفاء النون الساكنة والتنوين","","ٌ ف"
86,15,"مد العوض","","دًا"
86,16,"مد العوض","","دًا"
87,17,"إدغام النون الساكنة والتنوين - بغنة","","ٌ و"
88,2,"إدغام النون الساكنة والتنوين - بغنة","","ٌ ي"
88,3,"إدغام النون الساكنة والتنوين - بغنة","","ٌ ن"
88,8,"إدغام النون الساكنة والتنوين - بغنة","","ٌ ي"
88,12,"إخفاء النون الساكنة والتنوين","","ٌ ج"
88,13,"إدغام النون الساكنة والتنوين - بغنة","","ٌ م"
88,14,"إدغام النون الساكنة والتنوين - بغنة","","ٌ م"
89,5,"إدغام النون الساكنة والتنوين - بدون غنة","","ٌ ل"
89,19,"مد العوض","","ًّا"
89,20,"مد العوض","","ًّا"
89,21,"مد العوض","","ًّا"
89,22,"مد العوض","","ًّا"
89,23,"إقلاب النون الساكنة والتنوين","","ٍ ب"
89,28,"إدغام النون الساكنة والتنوين - بغنة","","ً م"
90,14,"إخفاء النون الساكنة والتنوين","","ٌ ف"
90,20,"إدغام النون الساكنة والتنوين - بغنة","","ٌ م"
93,4,"إدغام النون الساكنة والتنوين - بدون غنة","","ٌ ل"
94,6,"مد العوض","","رًا"
97,3,"إدغام النون الساكنة والتنوين - بغنة","","ٌ م"
98,2,"إدغام النون الساكنة والتنوين - بغنة","","ٌ م"
98,3,"إخفاء النون الساكنة والتنوين","","ٌ ق"
98,8,"مد العوض","","دًا"
100,1,"مد العوض","","حًا"
100,2,"مد العوض","","حًا"
100,3,"مد العوض","","حًا"
100,4,"مد العوض","","عًا"
100,6,"المد العارض للسكون","","لَكَنُودٌ"
100,7,"المد العارض للسكون","","لَشَهِيدٌ"
104,1,"إدغام النون الساكنة والتنوين - بدون غنة","","ٌ ل"
105,5,"المد العارض للسكون","","مَّأْكُولٍ"
106,4,"المد العارض للسكون","","خَوْفٍ"
106,4,"مد اللين","","خَوْفٍ"
107,4,"إدغام النون الساكنة والتنوين - بدون غنة","","ٌ ل"
109,4,"إدغام النون الساكنة والتنوين - بغنة","","ٌ م"
110,2,"مد العوض","","جًا"
111,5,"إدغام النون الساكنة والتنوين - بغنة","","ٌ م"
